Fecha;Aceites lubricantes;Asfalto;Bunker;Ceras;Combustible turbo jet;Diesel bajo azufre;Diesel ultra bajo azufre;Gas licuado de petróleo;Gasolina de aviación;Gasolina regular;Gasolina superior;Grasas lubricantes;Kerosina;"Mezclas
oleosas";Naftas;PetCoke;Petróleo crudo;Solventes;Butano;Diesel alto azufre;Orimulsión;Total
ene/2000;0.00;48,446.00;296,766.99;0.00;0.00;0.00;0.00;194,410.48;1,426.00;202,645.20;308,156.82;0.00;64,026.09;0.00;0.00;0.00;0.00;0.00;0.00;634,667.06;0.00;1,750,544.64
feb/2000;0.00;50,597.00;328,116.44;0.00;0.00;0.00;0.00;174,710.55;1,458.00;205,530.96;307,766.31;0.00;62,660.30;0.00;0.00;0.00;0.00;0.00;0.00;642,380.66;0.00;1,773,220.22
mar/2000;0.00;27,593.00;368,589.63;0.00;0.00;0.00;0.00;189,234.07;1,503.00;229,499.56;331,910.29;0.00;61,361.99;0.00;0.00;0.00;0.00;0.00;0.00;699,807.25;0.00;1,909,498.79
abr/2000;0.00;53,794.00;396,300.47;0.00;0.00;0.00;0.00;174,330.61;1,561.00;210,680.40;315,648.08;0.00;61,814.32;0.00;0.00;0.00;0.00;0.00;0.00;586,803.98;0.00;1,800,932.86
may/2000;0.00;60,137.00;449,368.92;0.00;0.00;0.00;0.00;191,745.15;1,642.00;208,164.34;319,667.97;0.00;54,098.32;0.00;0.00;0.00;0.00;0.00;0.00;656,948.20;0.00;1,941,771.90
jun/2000;0.00;40,623.00;404,033.69;0.00;0.00;0.00;0.00;196,321.93;1,641.00;195,088.74;300,347.70;0.00;60,390.32;0.00;0.00;0.00;0.00;0.00;0.00;570,919.88;0.00;1,769,366.26
jul/2000;0.00;36,670.00;291,436.20;0.00;0.00;0.00;0.00;192,344.50;1,598.00;204,556.77;308,305.93;0.00;61,931.56;0.00;0.00;0.00;0.00;0.00;0.00;576,436.02;0.00;1,673,278.98
ago/2000;0.00;25,033.00;373,811.63;0.00;0.00;0.00;0.00;203,727.08;1,438.00;218,388.51;323,011.86;0.00;70,821.94;0.00;0.00;0.00;0.00;0.00;0.00;593,770.77;0.00;1,810,002.79
sep/2000;0.00;16,906.00;322,718.89;0.00;0.00;0.00;0.00;194,565.10;1,469.00;213,906.96;326,455.72;0.00;58,960.01;0.00;0.00;0.00;0.00;0.00;0.00;590,145.40;0.00;1,725,127.08
oct/2000;0.00;22,070.00;260,955.42;0.00;0.00;0.00;0.00;210,261.83;1,475.00;213,606.65;323,843.63;0.00;63,794.12;0.00;0.00;0.00;0.00;0.00;0.00;641,113.36;0.00;1,737,120.01
nov/2000;0.00;25,659.00;310,274.26;0.00;0.00;0.00;0.00;205,027.95;1,498.00;209,227.48;320,788.08;0.00;65,733.00;0.00;0.00;0.00;0.00;0.00;0.00;657,086.30;0.00;1,795,294.07
dic/2000;0.00;20,430.00;284,045.83;0.00;0.00;0.00;0.00;200,247.56;1,501.00;230,020.70;366,987.56;0.00;68,848.50;0.00;0.00;0.00;0.00;0.00;0.00;673,282.26;0.00;1,845,363.41
ene/2001;0.00;30,002.22;399,107.63;0.00;0.00;0.00;0.00;179,405.99;1,755.58;164,547.35;300,242.78;0.00;69,691.25;0.00;0.00;0.00;0.00;0.00;0.00;569,328.79;0.00;1,714,081.59
feb/2001;0.00;34,407.57;404,897.00;0.00;0.00;0.00;0.00;167,818.14;1,510.58;174,838.81;301,483.40;0.00;56,326.42;0.00;0.00;0.00;0.00;0.00;0.00;597,749.83;0.00;1,739,031.76
mar/2001;0.00;32,274.68;406,269.28;0.00;0.00;0.00;0.00;186,397.33;1,602.58;201,992.65;355,572.83;0.00;68,208.99;0.00;0.00;0.00;0.00;0.00;0.00;736,085.97;0.00;1,988,404.31
abr/2001;0.00;26,986.96;397,689.22;0.00;0.00;0.00;0.00;175,820.35;1,355.58;198,683.39;355,826.76;0.00;66,697.90;0.00;0.00;0.00;0.00;0.00;0.00;606,257.66;0.00;1,829,317.82
may/2001;0.00;29,776.72;494,837.73;0.00;0.00;0.00;0.00;178,303.33;1,273.58;182,504.09;336,040.04;0.00;61,641.63;0.00;0.00;0.00;0.00;0.00;0.00;664,082.66;0.00;1,948,459.78
jun/2001;0.00;26,759.22;385,382.02;0.00;0.00;0.00;0.00;177,826.93;1,171.58;201,379.48;308,804.70;0.00;57,796.09;0.00;0.00;0.00;0.00;0.00;0.00;559,333.03;0.00;1,718,453.05
jul/2001;0.00;24,312.29;482,085.37;0.00;0.00;0.00;0.00;191,041.99;1,637.58;214,980.24;350,501.97;0.00;67,033.45;0.00;0.00;0.00;0.00;0.00;0.00;589,452.73;0.00;1,921,045.63
ago/2001;0.00;25,226.00;470,955.27;0.00;0.00;0.00;0.00;190,295.99;1,412.58;204,646.77;348,414.65;0.00;64,093.29;0.00;0.00;0.00;0.00;0.00;0.00;568,546.37;0.00;1,873,590.93
sep/2001;0.00;20,603.10;387,235.78;0.00;0.00;0.00;0.00;184,039.99;1,710.58;188,292.35;324,393.96;0.00;51,773.04;0.00;0.00;0.00;0.00;0.00;0.00;533,108.39;0.00;1,691,157.20
oct/2001;0.00;29,817.10;412,617.56;0.00;0.00;0.00;0.00;206,176.99;1,102.58;225,240.95;366,261.63;0.00;56,193.31;0.00;0.00;0.00;0.00;0.00;0.00;603,371.18;0.00;1,900,781.31
nov/2001;0.00;22,299.10;606,966.56;0.00;0.00;0.00;0.00;201,335.99;1,791.58;210,324.95;351,890.63;0.00;53,500.31;0.00;0.00;0.00;0.00;0.00;0.00;626,156.18;0.00;2,074,265.31
dic/2001;0.00;19,283.10;402,835.56;0.00;0.00;0.00;0.00;209,792.99;979.58;223,209.95;403,561.63;0.00;60,508.31;0.00;0.00;0.00;0.00;0.00;0.00;664,190.18;0.00;1,984,361.31
ene/2002;0.00;16,971.66;512,580.55;0.00;0.00;0.00;0.00;196,068.61;1,722.92;200,309.85;368,935.53;0.00;51,969.77;0.00;0.00;0.00;37,593.98;0.00;0.00;726,672.60;0.00;2,112,825.45
feb/2002;0.00;22,834.54;506,069.63;0.00;0.00;0.00;0.00;180,209.80;923.92;183,119.34;348,917.79;0.00;42,796.92;0.00;0.00;0.00;85,710.75;0.00;0.00;694,344.78;0.00;2,064,927.45
mar/2002;0.00;22,891.19;446,878.07;0.00;0.00;0.00;0.00;186,680.97;1,082.92;212,711.71;385,044.97;0.00;53,352.86;0.00;0.00;0.00;64,873.73;0.00;0.00;656,379.29;0.00;2,029,895.69
abr/2002;0.00;35,584.54;450,736.26;0.00;0.00;0.00;0.00;196,167.16;1,295.92;204,765.62;379,741.98;0.00;51,056.14;0.00;0.00;0.00;40,923.47;0.00;0.00;683,646.17;0.00;2,043,917.24
may/2002;0.00;27,945.59;539,547.91;0.00;0.00;0.00;0.00;201,612.36;1,671.92;201,083.51;375,054.64;0.00;52,716.55;0.00;0.00;0.00;62,407.67;0.00;0.00;707,165.47;0.00;2,169,205.60
jun/2002;0.00;20,228.04;456,986.27;0.00;0.00;0.00;0.00;193,024.40;638.92;187,629.42;371,138.59;0.00;50,501.35;0.00;0.00;0.00;22,963.62;0.00;0.00;667,820.71;0.00;1,970,931.30
jul/2002;0.00;14,042.27;492,323.44;0.00;0.00;0.00;0.00;204,196.24;2,062.92;201,692.64;399,944.65;0.00;55,179.82;0.00;0.00;0.00;48,749.90;0.00;0.00;656,761.60;0.00;2,074,953.47
ago/2002;0.00;13,715.92;429,935.51;0.00;0.00;0.00;0.00;213,625.43;1,825.92;205,240.77;392,355.62;0.00;51,119.79;0.00;0.00;0.00;13,351.58;0.00;0.00;657,099.74;0.00;1,978,270.27
sep/2002;0.00;13,512.87;381,600.34;0.00;0.00;0.00;0.00;209,849.76;1,416.92;177,614.80;347,191.44;0.00;46,923.97;0.00;0.00;0.00;49,713.58;0.00;0.00;653,664.60;0.00;1,881,488.26
oct/2002;0.00;10,066.27;320,349.21;0.00;0.00;0.00;0.00;212,932.33;1,834.92;203,097.24;381,595.20;0.00;61,834.38;0.00;0.00;0.00;40,876.58;0.00;0.00;653,053.27;0.00;1,885,639.38
nov/2002;0.00;16,772.08;438,764.90;0.00;0.00;0.00;0.00;210,000.55;1,552.92;207,629.81;384,334.22;0.00;50,783.20;0.00;0.00;0.00;43,455.58;0.00;0.00;671,401.33;0.00;2,024,694.57
dic/2002;0.00;13,946.07;490,960.95;0.00;0.00;0.00;0.00;223,830.40;1,397.92;199,619.27;400,645.42;0.00;55,123.28;0.00;0.00;0.00;52,341.58;0.00;0.00;676,192.45;0.00;2,114,057.32
ene/2003;0.00;19,127.77;459,765.40;0.00;0.00;0.00;0.00;213,268.98;2,009.00;193,713.62;376,516.58;0.00;55,260.55;0.00;0.00;0.00;23,392.00;0.00;0.00;769,843.30;0.00;2,112,897.20
feb/2003;0.00;34,700.38;377,181.42;0.00;0.00;0.00;0.00;206,815.01;1,166.00;184,354.61;355,760.81;0.00;45,243.65;0.00;0.00;0.00;61,772.00;0.00;0.00;709,783.58;0.00;1,976,777.46
mar/2003;0.00;56,138.58;516,535.35;0.00;0.00;0.00;0.00;216,427.95;2,039.00;201,443.37;361,880.87;0.00;51,161.05;0.00;0.00;0.00;94,892.00;0.00;0.00;786,484.49;0.00;2,287,002.66
abr/2003;0.00;47,408.44;502,634.98;0.00;0.00;0.00;0.00;204,403.51;1,469.00;219,004.31;377,395.17;0.00;50,488.24;0.00;0.00;0.00;36,935.00;0.00;0.00;709,626.39;0.00;2,149,365.04
may/2003;0.00;49,995.62;565,746.99;0.00;0.00;0.00;0.00;216,452.75;1,387.00;200,407.18;390,624.27;0.00;50,951.19;0.00;0.00;0.00;106,406.00;0.00;0.00;755,982.05;0.00;2,337,953.05
jun/2003;0.00;37,720.89;410,520.40;0.00;0.00;0.00;0.00;212,069.04;1,309.00;168,327.72;346,941.84;0.00;50,662.66;0.00;0.00;0.00;61,528.00;0.00;0.00;641,540.08;0.00;1,930,619.63
jul/2003;0.00;38,616.19;438,350.49;0.00;0.00;0.00;0.00;231,172.01;1,662.00;174,317.57;377,178.84;0.00;59,604.95;0.00;0.00;0.00;57,764.00;0.00;0.00;631,704.12;0.00;2,010,370.17
ago/2003;0.00;35,878.39;464,485.57;0.00;0.00;0.00;0.00;222,312.71;1,152.00;171,665.05;355,682.72;0.00;54,601.10;0.00;0.00;0.00;40,642.00;0.00;0.00;613,428.55;0.00;1,959,848.09
sep/2003;0.00;41,167.35;357,778.24;0.00;0.00;0.00;0.00;225,703.05;1,617.00;174,757.95;348,659.02;0.00;52,876.98;0.00;0.00;0.00;61,611.60;0.00;0.00;582,989.47;0.00;1,847,160.66
oct/2003;0.00;32,848.56;614,187.67;0.00;0.00;0.00;0.00;239,665.04;1,115.00;209,314.45;392,041.78;0.00;54,999.76;0.00;0.00;0.00;52,466.00;0.00;0.00;722,763.60;0.00;2,319,401.86
nov/2003;0.00;38,513.22;697,861.80;0.00;0.00;0.00;0.00;229,612.35;612.00;168,510.00;330,640.23;0.00;56,216.77;0.00;0.00;0.00;65,943.03;0.00;0.00;639,828.39;0.00;2,227,737.79
dic/2003;0.00;31,050.77;340,583.67;0.00;0.00;0.00;0.00;247,544.64;903.00;196,081.99;391,327.66;0.00;61,415.10;0.00;0.00;0.00;58,499.66;0.00;0.00;652,872.45;0.00;1,980,278.94
ene/2004;0.00;31,681.40;430,693.77;0.00;0.00;0.00;0.00;235,284.97;1,295.00;203,975.57;381,547.72;0.00;54,764.80;0.00;0.00;83,419.99;87,146.00;0.00;0.00;656,987.40;0.00;2,166,796.61
feb/2004;0.00;34,556.73;381,997.15;0.00;0.00;0.00;0.00;213,288.68;2,734.00;180,290.24;339,576.46;0.00;50,279.30;0.00;0.00;40,040.00;74,043.00;0.00;0.00;659,540.43;48,278.00;2,024,623.99
mar/2004;0.00;39,057.06;426,729.00;0.00;0.00;0.00;0.00;233,426.35;1,238.00;206,455.62;379,687.46;0.00;57,919.10;0.00;0.00;47,740.00;59,087.00;0.00;0.00;746,236.84;113,372.00;2,310,948.43
abr/2004;0.00;41,073.00;368,839.70;0.00;0.00;0.00;0.00;217,530.88;1,124.00;182,379.92;357,595.81;0.00;59,607.60;0.00;0.00;63,398.50;34,697.00;0.00;0.00;633,766.06;146,362.00;2,106,374.47
may/2004;0.00;31,988.71;400,866.77;0.00;0.00;0.00;0.00;225,959.05;968.00;160,741.90;322,596.73;0.00;60,199.10;0.00;0.00;79,761.00;52,403.00;0.00;0.00;556,369.70;176,927.00;2,068,780.96
jun/2004;0.00;45,451.10;335,267.91;0.00;0.00;0.00;0.00;225,673.46;776.00;164,782.50;318,811.50;0.00;55,658.60;0.00;0.00;67,864.50;60,590.00;0.00;0.00;560,393.48;161,297.00;1,996,566.05
jul/2004;0.00;29,127.74;320,546.15;0.00;0.00;0.00;0.00;243,064.07;1,725.00;182,642.41;346,413.66;0.00;68,394.80;0.00;0.00;68,343.00;39,999.00;0.00;0.00;583,098.55;176,388.00;2,059,742.38
ago/2004;0.00;30,990.92;333,848.59;0.00;0.00;0.00;0.00;236,324.77;759.00;207,432.80;390,304.28;0.00;62,772.70;0.00;0.00;64,845.00;40,389.00;0.00;0.00;699,610.80;184,302.00;2,251,579.86
sep/2004;0.00;24,259.26;376,693.43;0.00;0.00;0.00;0.00;225,204.18;1,418.00;194,240.55;364,689.84;0.00;53,387.80;0.00;0.00;0.00;26,770.00;0.00;0.00;612,639.57;174,244.00;2,053,546.63
oct/2004;0.00;18,477.29;323,360.76;0.00;0.00;0.00;0.00;229,626.06;1,886.00;200,323.53;380,441.55;0.00;59,383.30;0.00;0.00;130,845.00;40,583.00;0.00;0.00;619,084.79;171,384.00;2,175,395.28
nov/2004;0.00;18,502.20;328,267.45;0.00;0.00;0.00;0.00;225,593.82;1,435.00;214,509.65;378,498.60;0.00;56,250.20;0.00;0.00;69,437.50;37,413.09;0.00;0.00;705,298.16;158,324.00;2,193,529.67
dic/2004;0.00;14,061.36;289,338.80;0.00;0.00;0.00;0.00;241,915.01;1,419.00;236,733.03;429,109.10;0.00;63,695.80;0.00;0.00;79,546.50;43,894.00;0.00;0.00;761,864.30;180,450.00;2,342,026.90
ene/2005;0.00;17,015.36;260,522.63;0.00;48,943.20;0.00;0.00;227,154.97;1,497.00;209,901.60;321,382.14;0.00;10,015.10;0.00;0.00;98,428.00;31,108.09;0.00;0.00;724,692.36;148,655.00;2,099,315.45
feb/2005;0.00;29,448.99;280,847.96;0.00;39,285.80;0.00;0.00;211,814.38;1,705.00;198,775.61;375,768.83;0.00;9,557.40;0.00;0.00;64,718.50;43,384.28;0.00;0.00;717,116.77;152,244.00;2,124,667.52
mar/2005;0.00;38,075.98;404,657.12;0.00;48,358.60;0.00;0.00;224,387.03;1,282.00;231,358.58;410,241.93;0.00;9,416.30;0.00;0.00;92,735.50;32,149.00;0.00;0.00;802,139.58;168,846.00;2,463,647.62
abr/2005;0.00;40,602.97;387,064.14;0.00;39,340.90;0.00;0.00;218,555.21;917.00;225,644.89;389,737.16;0.00;5,506.20;0.00;0.00;131,785.50;47,388.00;0.00;0.00;803,996.93;182,433.00;2,472,971.90
may/2005;0.00;40,536.60;506,432.44;0.00;36,827.20;0.00;0.00;230,568.15;1,335.00;187,048.26;343,762.52;0.00;6,820.90;0.00;0.00;129,277.50;55,515.00;0.00;0.00;715,360.44;167,907.00;2,421,391.01
jun/2005;0.00;39,064.02;562,186.30;0.00;44,188.10;0.00;0.00;223,151.26;1,412.00;202,161.79;351,906.82;0.00;8,013.70;0.00;0.00;69,657.50;55,190.00;0.00;0.00;681,743.36;166,798.00;2,405,472.85
jul/2005;0.00;34,049.77;334,178.36;0.00;50,690.50;0.00;0.00;236,140.08;1,678.00;213,821.77;389,172.65;0.00;5,335.40;0.00;0.00;64,702.00;50,986.00;0.00;0.00;678,614.47;122,064.00;2,181,433.00
ago/2005;0.00;29,237.36;305,370.13;0.00;47,309.30;0.00;0.00;242,734.74;1,106.00;212,696.38;396,871.12;0.00;8,509.90;0.00;0.00;86,713.00;61,600.00;0.00;0.00;693,681.13;158,944.00;2,244,773.06
sep/2005;0.00;26,273.57;238,571.81;0.00;40,131.20;0.00;0.00;223,283.87;1,309.00;196,776.87;378,887.62;0.00;5,904.70;0.00;0.00;87,345.50;11,689.00;0.00;0.00;666,258.37;103,761.00;1,980,192.51
oct/2005;0.00;5,405.34;230,464.40;0.00;49,322.50;0.00;0.00;213,139.58;996.00;192,270.24;328,052.56;0.00;7,862.90;0.00;0.00;84,210.50;7,770.00;0.00;0.00;589,830.24;91,025.00;1,800,349.26
nov/2005;0.00;13,712.31;302,297.60;0.00;23,955.90;0.00;0.00;222,988.53;1,624.00;185,251.12;360,869.14;0.00;7,266.30;0.00;0.00;77,429.00;35,384.00;0.00;0.00;701,255.47;183,012.00;2,115,045.37
dic/2005;0.00;25,971.31;285,933.09;0.00;50,005.00;0.00;0.00;225,410.43;1,457.00;241,035.13;448,688.52;0.00;8,298.30;0.00;0.00;99,434.50;51,257.00;0.00;0.00;775,027.20;163,364.00;2,375,881.48
ene/2006;0.00;26,454.21;271,228.13;0.00;45,851.00;0.00;0.00;217,867.31;1,307.00;211,152.72;382,078.88;0.00;7,111.60;0.00;0.00;98,549.00;38,294.00;0.00;0.00;750,946.36;163,706.00;2,214,546.21
feb/2006;0.00;33,494.00;228,414.98;0.00;43,198.90;0.00;0.00;212,328.61;1,735.00;200,551.40;367,944.25;0.00;6,390.90;0.00;0.00;101,057.00;43,150.00;0.00;0.00;734,530.76;152,377.00;2,125,172.80
mar/2006;0.00;48,745.00;338,067.89;0.00;45,311.90;0.00;0.00;232,405.36;1,585.00;233,082.86;427,567.58;0.00;7,416.60;0.00;0.00;82,582.50;29,621.00;0.00;0.00;875,047.29;151,247.00;2,472,679.98
abr/2006;0.00;36,478.00;445,994.72;0.00;44,322.20;0.00;0.00;207,612.27;1,497.00;223,479.45;392,050.29;0.00;8,600.50;0.00;0.00;89,331.00;59,859.00;0.00;0.00;711,185.23;29,039.00;2,249,448.66
may/2006;0.00;40,882.00;628,053.53;0.00;44,047.10;0.00;0.00;232,489.83;1,400.00;222,710.90;379,832.55;0.00;6,151.30;0.00;0.00;96,222.50;29,498.00;0.00;0.00;734,289.15;0.00;2,415,576.86
jun/2006;0.00;22,806.00;399,380.67;0.00;42,531.90;0.00;0.00;236,563.83;1,362.00;196,511.22;364,359.35;0.00;3,720.30;0.00;0.00;101,684.00;30,854.00;0.00;0.00;672,428.87;0.00;2,072,202.14
jul/2006;0.00;34,461.58;408,695.20;0.00;43,381.80;0.00;0.00;239,767.85;1,552.00;210,255.70;392,252.91;0.00;6,128.60;0.00;0.00;97,361.00;59,117.27;0.00;0.00;684,438.70;0.00;2,177,412.61
ago/2006;0.00;29,068.07;412,953.69;0.00;44,489.50;0.00;0.00;245,672.02;1,942.00;211,202.14;394,585.28;0.00;7,918.70;0.00;0.00;89,875.50;42,171.03;0.00;0.00;707,219.69;1,471.00;2,188,568.62
sep/2006;0.00;22,311.30;283,514.35;0.00;37,449.20;0.00;0.00;256,040.10;1,576.00;204,369.99;382,724.97;0.00;6,691.20;0.00;0.00;111,782.00;39,823.10;0.00;0.00;650,791.38;0.00;1,997,073.59
oct/2006;0.00;25,204.67;464,238.85;0.00;37,891.80;0.00;0.00;238,514.63;1,845.00;203,061.39;400,793.81;0.00;7,884.20;0.00;0.00;48,735.50;28,499.79;0.00;0.00;683,543.13;0.00;2,140,212.77
nov/2006;0.00;36,772.97;523,491.30;0.00;40,998.50;0.00;0.00;228,417.44;1,618.91;205,541.91;401,922.57;0.00;7,669.50;0.00;0.00;109,186.00;21,777.27;0.00;0.00;739,181.99;0.00;2,316,578.36
dic/2006;0.00;27,047.99;384,849.54;0.00;51,753.60;0.00;0.00;236,333.11;1,959.00;233,936.83;454,373.13;0.00;9,049.50;0.00;0.00;110,896.50;34,342.70;0.00;0.00;776,330.26;0.00;2,320,872.16
ene/2007;0.00;36,112.06;481,365.90;0.00;47,659.20;0.00;0.00;217,344.66;1,657.00;216,560.79;418,412.86;0.00;9,659.80;0.00;0.00;118,327.00;55,217.79;0.00;0.00;810,372.66;0.00;2,412,689.72
feb/2007;0.00;35,844.96;441,178.90;0.00;42,101.80;0.00;0.00;211,149.36;1,606.00;204,991.91;401,425.14;0.00;5,162.40;0.00;0.00;89,353.00;38,218.66;0.00;0.00;799,394.60;0.00;2,270,426.73
mar/2007;0.00;47,101.77;537,373.86;0.00;54,082.40;0.00;0.00;264,115.98;1,665.00;239,019.91;454,731.09;0.00;7,526.90;0.00;0.00;101,887.50;57,660.84;0.00;0.00;956,680.19;0.00;2,721,845.44
abr/2007;0.00;38,731.92;480,634.06;0.00;44,957.10;0.00;0.00;224,818.88;1,550.00;217,536.23;403,732.56;0.00;7,512.60;0.00;0.00;91,234.00;46,865.77;0.00;0.00;758,988.58;0.00;2,316,561.70
may/2007;0.00;44,730.69;624,648.80;0.00;46,178.50;0.00;0.00;259,749.48;1,458.00;224,400.73;426,414.71;0.00;11,518.60;0.00;0.00;78,331.00;47,491.42;0.00;0.00;811,703.69;0.00;2,576,625.62
jun/2007;0.00;25,509.90;666,096.20;0.00;46,459.40;0.00;0.00;244,505.28;908.00;217,473.91;390,991.36;0.00;14,318.30;0.00;0.00;83,270.00;36,586.80;0.00;0.00;720,896.77;0.00;2,447,015.92
jul/2007;0.00;41,652.90;680,178.90;0.00;55,620.50;0.00;0.00;261,555.62;1,381.00;219,874.23;416,497.41;0.00;11,812.20;0.00;0.00;99,957.00;66,993.71;0.00;0.00;721,550.61;0.00;2,577,074.08
ago/2007;0.00;32,132.95;529,257.62;0.00;50,337.00;0.00;0.00;267,634.12;1,571.00;236,565.57;411,088.53;0.00;16,179.40;0.00;0.00;117,265.50;36,100.50;0.00;0.00;736,620.90;0.00;2,434,753.09
sep/2007;0.00;21,666.59;374,139.35;0.00;46,392.80;0.00;0.00;254,081.76;1,243.00;207,241.84;390,568.99;0.00;9,016.50;0.00;0.00;101,530.00;48,278.98;0.00;0.00;669,587.88;0.00;2,123,747.69
oct/2007;0.00;23,741.47;384,625.95;0.00;50,839.90;0.00;0.00;264,936.66;1,284.00;224,750.77;419,001.81;0.00;13,724.20;0.00;0.00;105,314.00;22,628.56;0.00;0.00;738,702.86;0.00;2,249,550.18
nov/2007;0.00;36,281.17;515,855.99;0.00;48,631.60;0.00;0.00;250,108.61;1,477.00;218,116.79;417,490.77;0.00;13,720.90;0.00;0.00;73,557.00;52,597.23;0.00;0.00;779,547.05;0.00;2,407,384.11
dic/2007;0.00;36,570.14;431,419.38;0.00;52,596.00;0.00;0.00;253,659.53;1,009.00;252,394.11;438,542.79;0.00;23,241.60;0.00;0.00;100,226.50;47,879.57;0.00;0.00;768,886.87;0.00;2,406,425.50
ene/2008;0.00;33,627.86;433,142.36;0.00;50,760.20;0.00;0.00;252,508.33;1,989.20;213,645.39;403,266.74;0.00;23,736.50;0.00;0.00;95,308.84;43,860.96;0.00;0.00;797,668.91;0.00;2,349,515.29
feb/2008;0.00;27,023.37;430,602.16;0.00;49,177.79;0.00;0.00;241,978.08;1,282.48;215,873.67;407,735.55;0.00;12,268.80;0.00;0.00;59,523.70;43,795.41;0.00;0.00;794,000.25;0.00;2,283,261.26
mar/2008;0.00;24,535.08;433,126.79;0.00;54,474.23;0.00;0.00;247,679.04;1,282.24;233,761.07;424,157.28;0.00;11,053.60;0.00;0.00;90,591.99;33,091.99;0.00;0.00;776,026.79;0.00;2,329,780.09
abr/2008;0.00;28,686.75;521,002.28;0.00;50,481.01;0.00;0.00;243,178.03;1,389.70;233,687.28;399,193.53;0.00;9,701.10;0.00;0.00;107,236.47;33,710.99;0.00;0.00;807,725.77;0.00;2,435,992.91
may/2008;0.00;30,108.84;671,159.46;0.00;40,315.15;0.00;0.00;240,798.46;1,097.20;236,635.85;390,882.63;0.00;10,184.30;0.00;0.00;108,039.42;29,039.12;0.00;0.00;682,326.18;0.00;2,440,586.60
jun/2008;0.00;13,816.19;512,787.44;0.00;45,117.89;0.00;0.00;242,422.57;961.50;200,656.57;337,464.32;0.00;9,387.80;0.00;0.00;109,057.41;24,325.03;0.00;0.00;507,662.65;0.00;2,003,659.37
jul/2008;0.00;13,246.41;374,959.04;0.00;53,791.45;0.00;0.00;243,531.97;1,376.00;228,640.21;374,847.05;0.00;12,510.70;0.00;0.00;85,805.50;20,392.63;0.00;0.00;544,399.26;0.00;1,953,500.22
ago/2008;0.00;17,823.81;340,442.84;0.00;52,969.79;0.00;0.00;237,062.52;1,296.43;227,499.00;378,363.76;0.00;5,642.20;0.00;0.00;57,263.20;27,582.41;0.00;0.00;556,174.40;0.00;1,902,120.35
sep/2008;0.00;12,370.70;312,823.32;0.00;44,179.04;0.00;0.00;225,262.46;1,432.72;218,214.64;367,962.73;0.00;5,890.80;0.00;0.00;103,737.26;27,685.65;0.00;0.00;557,802.62;0.00;1,877,361.94
oct/2008;0.00;16,819.09;327,371.38;0.00;43,407.77;0.00;0.00;263,100.50;1,192.71;238,955.44;386,430.40;0.00;4,615.30;0.00;0.00;76,022.98;19,914.86;0.00;0.00;617,863.13;0.00;1,995,693.56
nov/2008;0.00;29,048.29;340,754.09;0.00;43,778.49;0.00;0.00;230,092.62;737.48;238,626.16;375,438.69;0.00;5,666.50;0.00;0.00;69,055.69;40,840.89;0.00;0.00;688,104.11;0.00;2,062,143.01
dic/2008;0.00;28,541.85;327,040.51;0.00;47,251.99;0.00;0.00;245,852.65;1,661.95;298,245.47;463,343.73;0.00;12,981.90;0.00;0.00;10,382.57;41,920.97;0.00;0.00;778,953.84;0.00;2,256,177.43
ene/2009;0.00;31,963.02;454,789.92;0.00;44,522.53;0.00;0.00;217,372.42;1,198.70;273,494.16;424,264.50;0.00;9,922.80;0.00;0.00;94,486.37;43,188.98;0.00;0.00;800,526.47;0.00;2,395,729.87
feb/2009;0.00;38,311.50;387,416.95;0.00;38,201.07;0.00;0.00;212,038.24;1,009.24;254,667.70;424,438.71;0.00;6,520.70;0.00;0.00;95,799.17;52,862.62;0.00;0.00;795,050.51;0.00;2,306,316.41
mar/2009;0.00;59,263.86;401,630.02;0.00;42,318.13;0.00;0.00;235,475.32;1,385.24;290,343.28;434,248.69;0.00;8,252.90;0.00;0.00;98,162.74;70,567.18;0.00;0.00;865,981.57;0.00;2,507,628.92
abr/2009;0.00;48,545.41;643,776.55;0.00;42,656.39;0.00;0.00;209,739.17;1,018.24;290,887.08;454,265.40;0.00;9,120.70;0.00;0.00;97,879.98;53,545.56;0.00;0.00;822,109.74;0.00;2,673,544.22
may/2009;0.00;48,882.92;682,916.87;0.00;35,798.11;0.00;0.00;221,884.47;1,357.90;276,970.67;432,401.49;0.00;7,861.70;0.00;0.00;101,914.67;60,585.75;0.00;0.00;770,687.28;0.00;2,641,261.83
jun/2009;0.00;27,918.98;586,246.02;0.00;44,548.27;0.00;0.00;221,329.63;822.80;252,551.99;393,140.38;0.00;4,161.60;0.00;0.00;91,670.87;37,437.64;0.00;0.00;703,815.55;0.00;2,363,643.72
jul/2009;0.00;37,350.91;450,992.66;0.00;46,313.51;0.00;0.00;241,510.20;1,649.10;283,142.05;435,256.09;0.00;11,172.60;0.00;0.00;110,163.57;55,471.15;0.00;0.00;740,868.09;0.00;2,413,889.93
ago/2009;0.00;32,129.06;535,359.83;0.00;39,851.20;0.00;0.00;232,174.11;1,458.48;267,830.84;409,182.96;0.00;10,701.30;0.00;0.00;74,197.31;37,735.48;0.00;0.00;692,376.70;0.00;2,332,997.27
sep/2009;0.00;31,422.61;545,203.30;0.00;34,686.54;0.00;0.00;225,886.43;1,285.30;248,994.42;420,238.71;0.00;7,926.60;0.00;0.00;72,632.73;29,161.17;0.00;0.00;687,435.10;0.00;2,304,872.90
oct/2009;0.00;25,594.66;643,683.55;0.00;37,554.44;0.00;0.00;235,899.13;1,003.00;269,008.52;421,753.29;0.00;10,994.00;0.00;0.00;94,084.43;54,414.00;0.00;0.00;775,739.56;0.00;2,569,728.58
nov/2009;0.00;44,273.35;525,804.80;0.00;37,672.79;0.00;0.00;232,172.83;1,412.90;212,149.91;391,754.81;0.00;15,251.90;0.00;0.00;77,337.32;42,512.45;0.00;0.00;738,678.65;0.00;2,319,021.70
dic/2009;0.00;31,718.72;457,616.74;0.00;44,690.11;0.00;0.00;215,923.38;1,461.00;296,805.29;449,842.29;0.00;10,317.60;0.00;0.00;80,620.82;50,398.46;0.00;0.00;891,670.41;0.00;2,531,064.81
ene/2010;0.00;31,511.41;391,820.19;0.00;41,227.21;0.00;0.00;228,078.62;850.00;243,341.49;389,068.41;0.00;10,204.30;0.00;0.00;83,732.94;32,292.30;0.00;0.00;777,741.34;0.00;2,229,868.21
feb/2010;0.00;30,767.71;451,749.94;0.00;35,844.67;0.00;0.00;214,409.69;1,397.00;248,207.93;391,195.69;0.00;9,408.70;0.00;0.00;91,255.01;30,991.63;0.00;0.00;807,692.10;0.00;2,312,920.07
mar/2010;0.00;27,017.08;384,792.99;0.00;44,598.50;0.00;0.00;242,081.59;1,329.00;320,985.41;465,664.59;0.00;33,330.70;0.00;0.00;79,706.61;55,580.16;0.00;0.00;1,017,058.18;0.00;2,672,144.80
abr/2010;0.00;24,699.45;331,373.92;0.00;45,127.02;0.00;0.00;216,150.67;1,098.00;254,872.61;387,063.18;0.00;3,894.50;0.00;0.00;77,061.27;24,069.94;0.00;0.00;762,770.01;0.00;2,128,180.57
may/2010;0.00;20,105.26;365,270.01;0.00;37,381.07;0.00;0.00;215,523.54;957.00;238,903.31;381,811.18;0.00;4,776.00;0.00;0.00;87,377.40;55,436.64;0.00;0.00;721,668.18;0.00;2,129,209.59
jun/2010;0.00;13,669.01;344,237.89;0.00;38,418.83;0.00;0.00;226,415.07;940.00;251,896.39;385,981.10;0.00;9,185.70;0.00;0.00;86,113.28;55,113.23;0.00;0.00;683,236.54;0.00;2,095,207.04
jul/2010;0.00;10,977.10;291,849.33;0.00;47,085.53;0.00;0.00;243,063.35;1,094.00;278,700.49;422,481.80;0.00;8,863.10;0.00;0.00;45,959.65;38,570.85;0.00;0.00;721,584.60;0.00;2,110,229.80
ago/2010;0.00;10,044.77;212,469.47;0.00;45,197.12;0.00;0.00;245,908.42;1,279.00;268,917.79;410,176.39;0.00;6,961.30;0.00;0.00;95,323.09;12,877.01;0.00;0.00;695,796.33;0.00;2,004,950.68
sep/2010;0.00;19,136.32;211,385.25;0.00;36,057.49;0.00;0.00;233,404.90;1,694.00;266,975.25;396,429.75;0.00;9,110.60;0.00;0.00;89,908.23;57,336.39;0.00;0.00;687,553.88;0.00;2,008,992.05
oct/2010;0.00;23,496.93;216,834.49;0.00;38,697.10;0.00;0.00;236,852.35;777.00;275,031.21;418,305.07;0.00;5,718.60;0.00;0.00;63,264.58;46,381.13;0.00;0.00;745,415.51;0.00;2,070,773.96
nov/2010;0.00;24,354.93;251,863.66;0.00;33,407.71;0.00;0.00;255,841.85;1,538.00;273,452.94;409,652.73;0.00;10,443.00;0.00;0.00;71,750.75;23,969.94;0.00;0.00;785,917.40;0.00;2,142,192.90
dic/2010;0.00;21,599.07;156,863.43;0.00;41,025.05;0.00;0.00;251,825.20;1,124.00;320,807.17;466,766.78;0.00;10,620.70;0.00;0.00;94,478.95;53,169.71;0.00;0.00;843,762.00;0.00;2,262,042.06
ene/2011;0.00;17,369.80;264,151.18;0.00;30,823.29;0.00;0.00;244,328.91;1,295.00;285,089.04;411,737.33;0.00;12,512.00;0.00;0.00;106,612.99;49,396.74;0.00;0.00;850,696.79;0.00;2,274,013.07
feb/2011;0.00;20,587.76;259,856.17;0.00;26,917.52;0.00;0.00;228,479.00;940.00;269,301.38;391,131.10;0.00;11,411.50;0.00;0.00;100,367.74;39,015.88;0.00;0.00;819,940.50;0.00;2,167,948.55
mar/2011;0.00;25,683.06;395,111.72;0.00;34,478.80;0.00;0.00;255,792.92;1,475.00;281,453.75;393,160.91;0.00;11,433.80;0.00;0.00;118,505.59;52,874.84;0.00;0.00;900,485.91;0.00;2,470,456.30
abr/2011;0.00;29,703.34;539,928.57;0.00;34,179.80;0.00;0.00;237,582.68;1,107.00;285,598.37;386,749.27;0.00;12,796.60;0.00;0.00;106,152.20;34,616.09;0.00;0.00;797,527.23;0.00;2,465,941.15
may/2011;0.00;32,700.99;501,342.97;0.00;33,669.09;0.00;0.00;247,975.28;1,100.00;253,277.88;371,876.75;0.00;10,823.60;0.00;0.00;97,113.61;76,408.92;0.00;0.00;803,849.53;0.00;2,430,138.62
jun/2011;0.00;24,786.05;638,939.11;0.00;37,037.40;0.00;0.00;247,082.28;1,100.00;290,137.49;380,800.43;0.00;9,444.80;0.00;0.00;101,035.11;46,048.92;0.00;0.00;729,676.79;0.00;2,506,088.38
jul/2011;0.00;22,142.32;251,734.87;0.00;44,313.17;0.00;0.00;259,033.89;1,295.00;279,283.36;389,294.64;0.00;14,646.30;0.00;0.00;71,759.00;44,432.82;0.00;0.00;718,255.06;0.00;2,096,190.42
ago/2011;0.00;17,414.86;333,071.69;0.00;42,315.36;0.00;0.00;259,688.74;1,467.00;256,380.27;408,494.51;0.00;10,424.10;0.00;0.00;74,518.90;39,157.53;0.00;0.00;699,736.08;0.00;2,142,669.04
sep/2011;0.00;14,666.97;238,864.67;0.00;36,043.04;0.00;0.00;251,882.54;1,100.00;256,728.25;380,453.23;0.00;9,715.80;0.00;0.00;63,847.96;39,066.80;0.00;0.00;660,384.93;0.00;1,952,754.18
oct/2011;0.00;13,711.35;239,305.91;0.00;37,096.07;0.00;0.00;262,255.14;745.00;242,071.01;381,309.50;0.00;10,170.30;0.00;0.00;48,561.32;39,973.11;0.00;0.00;672,214.93;0.00;1,947,413.63
nov/2011;0.00;31,593.72;229,497.48;0.00;38,064.86;0.00;0.00;252,218.21;1,283.00;231,413.83;381,871.84;0.00;10,071.90;0.00;0.00;99,849.53;44,374.42;0.00;0.00;794,507.24;0.00;2,114,746.04
dic/2011;0.00;25,774.42;215,079.84;0.00;41,929.61;0.00;0.00;263,892.43;1,295.00;291,678.03;449,904.10;0.00;13,089.60;0.00;0.00;88,815.54;57,943.79;0.00;0.00;862,318.80;0.00;2,311,721.16
ene/2012;0.00;28,849.11;199,651.92;0.00;39,631.60;0.00;0.00;242,524.90;1,100.00;261,933.68;393,781.94;0.00;11,596.50;0.00;0.00;77,569.36;44,982.71;0.00;0.00;814,956.72;0.00;2,116,578.44
feb/2012;0.00;22,730.38;295,550.29;0.00;34,550.67;0.00;0.00;243,810.95;1,295.00;253,733.22;402,633.55;0.00;9,916.70;0.00;0.00;83,515.03;49,337.47;0.00;0.00;848,067.25;0.00;2,245,140.51
mar/2012;0.00;30,672.08;351,951.02;0.00;49,247.79;0.00;0.00;270,906.08;1,467.00;290,286.65;429,534.50;0.00;162.77;0.00;0.00;103,215.64;44,877.18;0.00;0.00;925,065.27;0.00;2,497,385.98
abr/2012;0.00;27,048.12;311,653.42;0.00;34,435.19;0.00;0.00;249,493.66;1,100.00;262,615.28;389,264.02;0.00;5,720.83;0.00;0.00;94,102.14;42,650.82;0.00;0.00;792,201.73;0.00;2,210,285.21
may/2012;0.00;22,351.30;492,974.59;0.00;18,507.79;0.00;0.00;261,657.41;1,300.00;235,374.04;405,877.41;0.00;39,069.95;0.00;0.00;77,341.94;52,170.98;0.00;0.00;771,542.47;0.00;2,378,167.87
jun/2012;0.00;15,219.56;325,999.25;0.00;10,812.20;0.00;0.00;255,333.43;917.00;261,012.58;409,111.24;0.00;44,022.37;0.00;0.00;97,728.95;31,694.11;0.00;0.00;712,464.94;0.00;2,164,315.62
jul/2012;0.00;21,946.13;308,473.07;0.00;24,927.20;0.00;0.00;271,101.94;1,307.00;233,061.35;420,370.60;0.00;35,388.97;0.00;0.00;75,956.82;51,140.36;0.00;0.00;699,130.04;0.00;2,142,803.47
ago/2012;0.00;22,014.81;343,321.82;0.00;22,370.80;0.00;0.00;280,184.27;1,283.00;259,165.94;433,828.02;0.00;31,964.77;0.00;0.00;96,820.68;46,292.70;0.00;0.00;716,720.36;0.00;2,253,967.16
sep/2012;0.00;19,861.06;285,599.63;0.00;17,089.80;0.00;0.00;268,875.10;1,124.00;228,205.77;378,478.80;0.00;30,052.01;0.00;0.00;61,612.65;40,445.17;0.00;0.00;632,120.37;0.00;1,963,464.36
oct/2012;0.00;15,420.12;359,066.70;0.00;19,378.90;0.00;0.00;297,829.17;1,307.00;261,347.22;414,523.22;0.00;28,278.43;0.00;0.00;110,937.97;36,948.68;0.00;0.00;728,414.88;0.00;2,273,452.29
nov/2012;0.00;20,434.77;394,482.14;0.00;18,005.60;0.00;0.00;303,422.01;1,100.00;272,657.82;394,751.47;0.00;31,373.64;0.00;0.00;27,937.80;40,052.76;0.00;0.00;812,523.44;0.00;2,316,741.46
dic/2012;0.00;20,346.53;317,771.58;0.00;19,827.40;0.00;0.00;281,757.56;1,195.20;310,407.04;442,191.43;0.00;32,533.44;0.00;0.00;22,090.77;56,283.49;0.00;0.00;848,262.93;0.00;2,352,667.37
ene/2013;0.00;12,205.94;197,658.18;0.00;38,605.36;0.00;0.00;291,844.00;1,489.48;287,985.59;408,557.45;0.00;13,242.55;0.00;0.00;97,515.33;39,542.92;0.00;0.00;863,769.41;0.00;2,252,416.21
feb/2013;0.00;14,270.12;222,606.10;0.00;28,448.02;0.00;0.00;253,221.89;1,226.62;259,659.66;361,215.69;0.00;16,355.46;0.00;0.00;81,654.54;22,225.02;0.00;0.00;808,853.97;0.00;2,069,737.09
mar/2013;0.00;23,907.33;289,422.67;0.00;32,505.06;0.00;0.00;286,869.62;924.00;313,075.45;413,744.86;0.00;16,675.00;0.00;0.00;131,379.05;50,215.89;0.00;0.00;898,352.20;0.00;2,457,071.13
abr/2013;0.00;23,075.02;328,809.80;0.00;32,725.43;0.00;0.00;287,216.30;1,100.00;330,070.65;409,238.30;0.00;15,424.52;0.00;0.00;73,378.09;41,087.97;0.00;0.00;966,103.92;0.00;2,508,230.00
may/2013;0.00;20,716.42;434,716.65;0.00;32,306.94;0.00;0.00;301,770.53;1,173.74;313,131.36;403,354.79;0.00;13,608.37;0.00;0.00;99,652.69;34,639.10;0.00;0.00;827,601.25;0.00;2,482,671.83
jun/2013;0.00;19,145.31;384,549.94;0.00;25,064.37;0.00;0.00;275,921.37;1,383.35;287,596.64;402,012.07;0.00;17,894.00;0.00;0.00;113,554.65;41,706.22;0.00;0.00;775,187.12;0.00;2,344,015.04
jul/2013;0.00;19,516.84;286,369.33;0.00;35,532.69;0.00;0.00;292,790.10;1,001.07;314,185.61;425,154.22;0.00;21,247.00;0.00;0.00;111,798.06;40,114.18;0.00;0.00;732,544.52;0.00;2,280,253.62
ago/2013;0.00;16,534.02;284,525.32;0.00;34,875.26;0.00;0.00;282,844.32;1,467.00;288,400.67;416,968.15;0.00;16,948.00;0.00;0.00;100,883.26;43,009.30;0.00;0.00;773,147.90;0.00;2,259,603.19
sep/2013;0.00;10,189.82;191,796.17;0.00;33,980.81;0.00;0.00;278,403.42;1,283.00;249,357.42;379,479.78;0.00;8,640.00;0.00;0.00;75,989.10;38,110.23;0.00;0.00;672,125.16;0.00;1,939,354.91
oct/2013;0.00;10,352.81;200,089.72;0.00;33,725.62;0.00;0.00;285,195.01;1,298.98;314,518.72;430,179.69;0.00;15,461.00;0.00;0.00;62,188.17;37,081.20;0.00;0.00;800,049.12;0.00;2,190,140.04
nov/2013;0.00;10,990.54;182,327.92;0.00;37,678.38;0.00;0.00;253,022.23;587.21;306,638.45;404,692.46;0.00;16,521.00;0.00;0.00;96,463.73;37,046.10;0.00;0.00;821,457.45;0.00;2,167,425.47
dic/2013;0.00;14,139.03;137,481.49;0.00;31,020.65;0.00;0.00;282,335.47;1,284.00;339,969.85;448,135.35;0.00;20,137.00;0.00;0.00;82,518.65;48,041.71;0.00;0.00;860,351.90;0.00;2,265,415.09
ene/2014;0.00;47,657.13;150,401.55;0.00;35,071.79;0.00;0.00;288,260.80;1,504.00;312,139.77;412,617.93;0.00;16,452.26;0.00;0.00;110,646.31;37,212.01;0.00;0.00;917,251.54;0.00;2,329,215.09
feb/2014;0.00;22,039.43;191,584.66;0.00;23,696.10;0.00;0.00;304,312.13;1,283.00;312,142.65;385,430.58;0.00;14,441.12;0.00;0.00;105,986.10;46,110.11;0.00;0.00;890,362.31;0.00;2,297,388.19
mar/2014;0.00;12,159.87;254,936.96;0.00;39,327.74;0.00;0.00;284,201.43;1,132.40;335,869.63;434,863.96;0.00;16,527.30;0.00;0.00;107,499.65;36,453.76;0.00;0.00;1,004,937.39;0.00;2,527,910.09
abr/2014;0.00;22,675.60;293,648.05;0.00;38,975.79;0.00;0.00;250,902.83;329.00;349,155.30;437,470.07;0.00;15,600.00;0.00;0.00;94,527.24;41,751.04;0.00;0.00;972,039.42;0.00;2,517,074.34
may/2014;0.00;22,036.88;295,075.17;0.00;29,820.27;0.00;0.00;305,911.84;1,162.98;332,737.37;427,487.20;0.00;18,620.10;0.00;0.00;105,266.21;43,299.80;0.00;0.00;877,263.31;0.00;2,458,681.13
jun/2014;0.00;20,863.92;211,036.28;0.00;36,833.13;0.00;0.00;285,640.44;733.00;303,016.82;387,299.10;0.00;21,987.50;0.00;0.00;109,708.83;41,730.57;0.00;0.00;733,508.70;0.00;2,152,358.29
jul/2014;0.00;20,046.62;312,203.06;0.00;41,291.71;0.00;0.00;289,827.60;1,502.40;344,659.64;439,137.13;0.00;22,146.22;0.00;0.00;101,908.84;46,099.12;0.00;0.00;826,918.81;0.00;2,445,741.15
ago/2014;0.00;24,450.24;406,297.45;0.00;10,476.40;0.00;0.00;272,617.60;1,466.70;326,356.06;442,953.10;0.00;43,792.26;0.00;0.00;101,477.53;53,158.86;0.00;0.00;793,694.01;0.00;2,476,740.21
sep/2014;0.00;16,173.57;229,889.08;0.00;8,012.40;0.00;0.00;271,079.59;550.00;371,327.13;411,466.28;0.00;37,824.53;0.00;0.00;81,213.02;36,119.87;0.00;0.00;728,498.84;0.00;2,192,154.31
oct/2014;0.00;10,066.11;291,536.98;0.00;9,170.90;0.00;0.00;337,006.14;183.30;343,812.67;459,922.48;0.00;44,198.40;0.00;0.00;101,071.19;53,692.16;0.00;0.00;836,278.12;0.00;2,486,938.45
nov/2014;0.00;17,687.89;190,635.70;0.00;7,357.70;0.00;0.00;303,666.70;190.50;343,918.56;436,467.90;0.00;42,604.50;0.00;0.00;116,686.02;49,256.09;0.00;0.00;885,713.74;0.00;2,394,185.30
dic/2014;0.00;16,337.76;211,555.82;0.00;39,959.47;0.00;0.00;311,419.96;1,142.90;464,223.15;538,899.26;0.00;19,815.75;0.00;0.00;119,369.80;60,321.90;0.00;0.00;1,021,378.09;0.00;2,804,423.86
ene/2015;0.00;14,013.06;243,511.92;0.00;41,308.34;0.00;0.00;317,220.91;1,353.80;419,102.72;503,135.70;0.00;12,126.41;0.00;0.00;76,805.25;40,255.58;0.00;0.00;1,014,706.21;0.00;2,683,539.90
feb/2015;0.00;10,763.45;189,006.84;0.00;32,165.25;0.00;0.00;315,364.36;958.40;398,167.69;454,190.88;0.00;28,906.68;0.00;0.00;88,685.69;41,687.16;0.00;0.00;980,149.84;0.00;2,540,046.24
mar/2015;0.00;26,761.09;253,562.02;0.00;38,204.73;0.00;0.00;338,142.32;1,478.49;457,246.14;521,879.26;0.00;16,930.56;0.00;0.00;107,757.21;54,482.32;0.00;0.00;1,142,551.06;0.00;2,958,995.20
abr/2015;0.00;17,237.77;318,449.80;0.00;39,177.71;0.00;0.00;320,920.88;1,119.05;413,451.11;486,779.41;0.00;9,165.79;0.00;0.00;112,963.40;34,156.09;0.00;0.00;1,011,167.74;0.00;2,764,588.75
may/2015;0.00;14,038.74;367,017.51;0.00;34,301.53;0.00;0.00;328,177.80;952.43;415,570.95;483,594.83;0.00;19,259.07;0.00;0.00;92,041.35;40,588.91;0.00;0.00;944,316.66;0.00;2,739,859.78
jun/2015;0.00;13,095.63;315,322.36;0.00;39,977.57;0.00;0.00;331,140.05;772.03;414,466.18;480,892.11;0.00;16,406.36;0.00;0.00;112,288.55;35,207.32;0.00;0.00;880,016.47;0.00;2,639,584.63
jul/2015;0.00;16,218.35;350,976.98;0.00;42,322.79;0.00;0.00;363,251.96;1,658.20;440,729.53;515,322.66;0.00;19,274.98;0.00;0.00;106,971.26;31,447.00;0.00;0.00;902,586.36;0.00;2,790,760.07
ago/2015;0.00;14,732.03;519,237.36;0.00;40,414.69;0.00;0.00;333,215.61;1,121.88;439,588.90;513,413.00;0.00;14,996.02;0.00;0.00;108,392.46;43,883.15;0.00;0.00;887,796.85;0.00;2,916,791.95
sep/2015;0.00;9,560.41;342,909.33;0.00;32,730.80;0.00;0.00;364,351.76;1,122.19;422,826.59;501,658.04;0.00;14,495.48;0.00;0.00;96,179.22;34,526.10;0.00;0.00;734,654.22;0.00;2,555,014.13
oct/2015;0.00;7,632.56;304,037.55;0.00;37,102.30;0.00;0.00;364,469.55;928.57;448,971.88;532,741.14;0.00;16,644.12;0.00;0.00;79,944.15;38,501.06;0.00;0.00;834,285.95;0.00;2,665,258.82
nov/2015;0.00;10,137.17;209,107.14;0.00;41,450.50;0.00;0.00;353,643.08;952.40;423,841.82;516,486.95;0.00;15,712.24;0.00;0.00;77,375.21;32,446.10;0.00;0.00;925,431.00;0.00;2,606,583.61
dic/2015;0.00;9,475.85;184,791.46;0.00;43,851.69;0.00;0.00;355,233.65;1,113.18;499,839.17;600,161.72;0.00;18,892.21;0.00;0.00;91,440.75;36,934.50;0.00;0.00;1,047,478.84;0.00;2,889,213.01
ene/2016;0.00;5,542.28;262,150.77;0.00;38,680.60;0.00;0.00;346,512.22;952.98;433,180.34;545,737.53;0.00;16,499.03;0.00;0.00;100,703.08;33,641.00;0.00;0.00;1,084,043.63;0.00;2,867,643.45
feb/2016;0.00;5,939.92;242,970.07;0.00;40,215.13;0.00;0.00;368,867.55;1,143.69;450,916.35;540,459.19;0.00;13,267.85;0.00;0.00;88,817.52;28,012.30;0.00;0.00;1,055,672.64;0.00;2,836,282.21
mar/2016;0.00;5,301.47;312,624.84;0.00;43,123.03;0.00;0.00;372,223.42;1,181.46;486,255.94;575,720.92;0.00;19,388.31;0.00;0.00;69,957.47;31,366.00;0.00;0.00;1,107,296.65;0.00;3,024,439.51
abr/2016;0.00;13,098.88;305,191.05;0.00;37,842.69;0.00;0.00;357,084.22;954.36;467,472.20;545,605.47;0.00;16,511.55;0.00;0.00;80,123.73;13,357.00;0.00;0.00;1,149,175.19;0.00;2,986,416.34
may/2016;0.00;8,723.98;415,456.18;0.00;37,138.19;0.00;0.00;377,629.02;1,142.90;468,710.38;551,000.79;0.00;19,928.34;0.00;0.00;87,793.20;40,423.00;0.00;0.00;1,019,984.40;0.00;3,027,930.37
jun/2016;0.00;3,707.28;292,566.83;0.00;39,135.65;0.00;0.00;355,848.99;952.40;450,758.18;537,583.25;0.00;19,761.88;0.00;0.00;74,829.65;28,875.00;0.00;0.00;888,538.10;0.00;2,692,557.21
jul/2016;0.00;2,287.93;213,537.63;0.00;42,271.27;0.00;0.00;350,429.77;948.56;465,270.48;562,778.84;0.00;18,463.79;0.00;0.00;104,878.35;30,961.50;0.00;0.00;883,716.04;0.00;2,675,544.15
ago/2016;0.00;5,385.99;126,708.78;0.00;44,360.08;0.00;0.00;363,859.51;1,344.69;485,995.83;585,748.50;0.00;19,426.80;0.00;0.00;105,941.22;35,543.60;0.00;0.00;866,270.02;0.00;2,640,585.02
sep/2016;0.00;7,526.62;156,889.89;0.00;33,788.70;0.00;0.00;356,426.23;947.60;456,946.75;548,491.65;0.00;18,463.50;0.00;0.00;90,718.05;37,205.15;0.00;0.00;877,800.56;0.00;2,585,204.70
oct/2016;0.00;9,087.66;208,164.88;0.00;37,341.63;0.00;0.00;373,503.78;1,358.21;476,277.64;573,754.73;0.00;18,939.67;0.00;0.00;68,187.30;48,088.25;0.00;0.00;916,410.70;0.00;2,731,114.44
nov/2016;0.00;9,638.42;224,643.28;0.00;38,112.71;0.00;0.00;372,904.63;750.90;463,726.21;547,323.53;0.00;18,143.40;0.00;0.00;76,857.99;37,957.00;0.00;0.00;1,019,671.97;0.00;2,809,730.04
dic/2016;0.00;10,826.71;227,241.47;0.00;45,344.23;0.00;0.00;372,690.46;974.30;524,242.31;615,251.51;0.00;23,909.55;0.00;0.00;188,037.45;45,686.00;0.00;0.00;1,113,827.10;0.00;3,168,031.09
ene/2017;0.00;5,564.60;268,741.13;0.00;57,975.62;0.00;0.00;358,706.82;1,188.53;477,291.93;546,212.16;0.00;4,453.57;0.00;0.00;118,557.34;27,089.00;0.00;51.93;1,079,339.30;0.00;2,945,171.93
feb/2017;0.00;3,689.22;200,718.22;0.00;57,092.07;0.00;0.00;357,497.97;964.14;453,665.32;526,888.94;0.00;248.63;0.00;0.00;70,714.66;33,909.00;0.00;49.11;1,052,536.01;0.00;2,757,973.29
mar/2017;0.00;8,912.83;146,747.21;0.00;59,574.15;0.00;0.00;351,791.93;1,199.40;523,943.60;592,249.34;0.00;214.24;0.00;0.00;102,621.01;52,165.00;0.00;88.86;1,216,423.42;0.00;3,055,930.99
abr/2017;0.00;6,841.66;173,685.84;0.00;64,589.03;0.00;0.00;360,957.70;1,023.25;500,063.03;530,345.96;0.00;129.95;0.00;0.00;198,383.91;43,273.00;0.00;36.80;1,032,813.29;0.00;2,912,143.42
may/2017;0.00;8,988.46;154,619.14;0.00;59,893.27;0.00;0.00;377,492.16;976.19;516,884.37;588,861.62;0.00;259.57;0.00;0.00;212,011.70;45,402.00;0.00;50.28;1,034,806.24;0.00;3,000,245.00
jun/2017;0.00;12,939.27;140,581.12;0.00;65,459.68;0.00;0.00;378,328.46;952.38;478,491.95;549,378.05;0.00;116.01;0.00;0.00;184,171.01;41,171.92;0.00;61.51;897,511.89;0.00;2,749,163.25
jul/2017;0.00;12,151.22;119,185.53;0.00;71,848.17;0.00;0.00;369,948.64;0.00;521,730.41;607,702.70;0.00;423.28;0.00;0.00;242,807.96;45,818.75;0.00;47.60;938,887.64;0.00;2,930,551.90
ago/2017;0.00;18,295.85;147,847.74;0.00;71,939.54;0.00;0.00;385,834.28;1,142.85;514,086.57;604,650.34;0.00;277.29;0.00;0.00;247,198.62;62,667.50;0.00;50.77;950,188.14;0.00;3,004,179.49
sep/2017;0.00;20,824.19;146,741.02;0.00;50,257.31;0.00;0.00;447,373.59;964.29;492,618.55;560,892.67;0.00;332.46;0.00;0.00;184,904.64;60,278.50;0.00;47.21;894,363.58;0.00;2,859,598.01
oct/2017;0.00;25,225.22;135,560.60;0.00;61,015.54;0.00;0.00;393,901.92;952.38;512,762.32;583,658.83;0.00;211.74;0.00;0.00;113,926.54;89,116.09;0.00;0.00;935,986.17;0.00;2,852,317.35
nov/2017;0.00;38,383.06;115,709.19;0.00;61,290.82;0.00;0.00;409,332.86;1,340.26;510,631.29;563,345.61;0.00;204.43;0.00;0.00;146,069.01;41,866.50;0.00;73.33;1,038,598.26;0.00;2,926,844.62
dic/2017;0.00;31,978.30;129,000.72;0.00;68,044.92;0.00;0.00;404,574.36;1,126.19;574,097.70;635,423.76;0.00;108.69;0.00;0.00;177,572.34;89,124.29;0.00;28.88;1,117,711.45;0.00;3,228,791.60
ene/2018;0.00;24,744.76;122,349.08;0.00;68,372.98;1,105,628.89;15,763.64;421,848.92;1,142.24;528,763.30;581,802.98;0.00;770.40;0.00;0.00;173,232.25;79,652.00;0.00;57.20;0.00;0.00;3,124,128.64
feb/2018;0.00;21,717.40;78,815.78;0.00;54,920.54;1,072,071.67;14,687.22;379,239.07;951.60;502,041.67;545,210.00;0.00;404.74;0.00;0.00;109,496.87;73,770.00;0.00;87.73;0.00;0.00;2,853,414.29
mar/2018;0.00;22,287.44;158,722.77;0.00;67,891.40;1,194,136.18;15,893.32;415,125.90;1,007.52;571,052.13;618,402.18;0.00;204.26;0.00;0.00;274,273.30;49,749.00;0.00;67.08;0.00;0.00;3,388,812.48
abr/2018;0.00;24,880.30;149,741.63;0.00;65,835.66;1,108,452.97;14,929.78;370,434.61;1,404.69;526,979.67;565,665.72;0.00;422.67;0.00;0.00;273,396.67;88,761.00;0.00;43.27;0.00;0.00;3,190,948.64
may/2018;0.00;34,587.38;188,452.23;0.00;61,285.50;1,009,750.15;7,736.86;403,094.74;723.79;544,395.17;570,129.66;0.00;671.90;0.00;0.00;175,846.10;77,485.00;0.00;36.49;0.00;0.00;3,074,194.97
jun/2018;0.00;40,679.67;182,142.23;0.00;67,706.76;930,065.00;7,816.91;390,070.17;561.38;518,911.44;554,431.50;0.00;383.47;0.00;0.00;159,409.05;76,489.00;0.00;88.11;0.00;0.00;2,928,754.69
jul/2018;0.00;54,625.85;156,567.44;0.00;67,215.08;950,343.54;8,053.83;381,128.08;380.95;541,811.12;589,775.97;0.00;366.65;0.00;0.00;102,500.59;102,153.50;0.00;52.01;0.00;0.00;2,954,974.60
ago/2018;0.00;50,840.69;184,168.24;0.00;72,586.20;991,818.15;8,812.43;407,124.75;1,000.00;570,224.11;593,659.63;0.00;427.19;0.00;0.00;204,237.65;83,143.62;0.00;59.71;0.00;0.00;3,168,102.35
sep/2018;0.00;45,219.25;124,107.40;0.00;59,624.17;882,303.53;7,081.41;385,717.79;1,000.00;531,285.29;551,547.83;0.00;96.65;0.00;0.00;261,284.38;93,004.00;0.00;48.54;0.00;0.00;2,942,320.24
oct/2018;0.00;47,762.30;120,634.52;0.00;66,392.11;969,095.04;8,587.08;408,674.34;952.38;573,751.47;579,474.43;0.00;187.64;0.00;0.00;307,141.02;70,523.00;0.00;59.76;0.00;0.00;3,153,235.09
nov/2018;0.00;47,250.31;100,763.50;0.00;73,529.19;1,061,941.91;7,844.21;408,049.58;1,142.86;563,417.57;573,687.35;0.00;271.84;0.00;0.00;286,935.32;81,713.00;0.00;68.01;0.00;0.00;3,206,614.65
dic/2018;0.00;31,557.54;109,649.86;0.00;79,674.76;1,106,130.25;8,369.53;421,872.09;952.38;632,670.17;654,281.25;0.00;272.91;0.00;0.00;311,858.76;94,593.00;0.00;57.80;0.00;0.00;3,451,940.29
ene/2019;21,985.77;29,531.29;125,570.40;26.66;75,489.04;1,152,949.52;8,625.62;421,555.41;1,000.50;596,682.75;601,714.90;595.40;259.20;475.49;286.57;165,807.89;82,300.00;7,412.33;68.31;0.00;0.00;3,292,337.05
feb/2019;18,854.82;44,387.57;133,930.96;25.75;63,990.69;1,103,358.49;7,269.33;402,371.33;976.19;559,109.22;565,425.02;631.57;-35.69;1,911.93;120.08;152,000.02;98,063.00;7,078.95;89.72;0.00;0.00;3,159,558.95
mar/2019;19,205.26;63,919.13;164,290.04;0.00;70,377.90;1,228,025.34;8,943.32;428,149.45;1,053.27;645,266.77;610,720.58;347.80;104.14;2,170.21;251.71;342,482.20;127,462.00;7,840.52;64.64;0.00;0.00;3,720,674.28
abr/2019;18,390.76;43,899.02;156,945.14;873.32;70,541.87;1,160,125.11;7,643.39;414,018.68;0.01;657,570.18;598,956.30;552.97;-48.13;1,944.32;15.13;343,735.26;108,573.00;6,143.69;59.88;0.00;0.00;3,589,939.90
may/2019;22,640.10;66,588.87;223,361.05;745.79;67,768.53;1,134,666.18;9,781.63;426,587.33;1,074.42;666,748.63;611,592.32;322.89;-73.50;2,658.48;61.08;351,666.55;121,253.00;8,595.00;63.44;0.00;0.00;3,716,101.79
jun/2019;20,117.45;49,691.28;125,307.02;919.24;67,452.06;1,012,030.47;8,360.35;399,031.61;1,003.81;641,136.56;595,744.38;296.94;86.01;0.00;4.12;319,891.51;112,667.00;7,438.84;57.93;0.00;0.00;3,361,236.58
jul/2019;20,426.91;74,347.22;159,021.42;35.42;76,715.52;1,030,649.68;8,936.20;419,958.02;1,099.07;650,150.78;615,559.33;366.54;10.89;3,134.83;-22.46;198,491.88;135,670.00;8,447.45;65.75;0.00;0.00;3,403,064.45
ago/2019;22,578.56;77,017.06;148,998.84;0.00;66,531.06;1,070,198.10;9,041.15;419,493.82;1,122.94;668,783.39;632,415.70;394.36;73.61;952.38;7.26;170,236.68;129,913.00;8,685.14;66.12;0.00;0.00;3,426,509.17
sep/2019;18,104.32;62,918.62;109,518.54;0.00;56,736.35;973,358.44;8,446.19;396,860.64;935.26;616,079.30;587,861.84;306.28;80.43;2,215.06;13.98;142,986.06;130,578.00;8,413.38;55.40;0.00;0.00;3,115,468.09
oct/2019;21,550.86;69,868.80;33,606.20;0.00;61,731.51;1,043,629.53;9,433.36;433,917.15;1,193.10;669,008.77;643,044.33;391.11;193.58;2,499.43;21.74;225,348.50;132,696.00;9,481.17;56.76;0.00;0.00;3,357,671.90
nov/2019;18,951.08;57,250.41;126,737.63;0.00;63,858.30;1,122,734.55;8,998.01;430,725.89;1,125.97;643,070.35;620,572.21;397.00;-1,893.08;2,479.15;30.35;290,391.95;107,489.00;13,815.26;77.26;0.00;0.00;3,506,811.29
dic/2019;19,079.56;22,845.74;115,170.39;0.00;39,030.48;1,175,724.83;9,456.65;428,697.64;1,043.74;706,020.77;682,468.14;304.36;35,074.25;2,899.75;55.04;294,706.32;83,915.00;8,004.56;59.41;0.00;0.00;3,624,556.63
ene/2020;23,464.38;12,977.57;132,814.31;0.00;67,346.00;1,184,419.19;9,523.25;421,644.72;1,137.95;640,011.73;622,323.79;546.42;340.77;2,645.63;28.01;307,317.12;64,486.00;9,111.42;84.21;0.00;0.00;3,500,222.47
feb/2020;19,558.69;23,258.89;145,923.81;0.00;58,608.78;1,233,250.24;9,821.78;426,533.15;958.33;652,028.00;633,100.05;354.64;479.92;2,604.12;16.73;248,778.51;104,545.19;9,281.12;73.87;0.00;0.00;3,569,175.82
mar/2020;17,452.84;19,587.38;104,824.84;0.00;37,280.42;1,100,813.77;10,445.97;420,637.14;946.43;573,586.73;509,752.95;377.36;4,564.83;1,267.79;6.83;306,511.61;106,949.57;8,888.12;74.10;0.00;0.00;3,223,968.68
abr/2020;13,476.06;17,494.20;51,247.20;0.00;13,870.41;867,592.28;5,620.48;345,933.61;452.38;458,420.85;391,773.23;362.79;145.45;0.00;6.84;310,990.98;53,000.00;6,706.35;30.42;0.00;0.00;2,537,123.53
may/2020;13,827.56;35,550.36;139,347.72;0.00;17,776.74;828,743.95;4,099.92;362,987.37;380.95;478,771.83;407,482.52;254.57;758.66;0.00;31.18;366,963.69;81,524.00;7,285.70;55.64;0.00;0.00;2,745,842.36
jun/2020;17,170.47;33,842.05;114,881.57;0.00;17,381.30;782,327.99;7,406.06;402,541.02;462.88;516,933.60;388,952.81;268.12;171.89;0.00;51.15;327,627.60;70,605.00;7,672.90;60.20;0.00;0.00;2,688,356.61
jul/2020;18,373.04;43,939.07;119,704.27;0.00;19,154.50;870,354.89;5,067.16;423,328.22;571.45;567,052.50;462,380.81;547.48;297.79;0.00;25.44;281,593.37;86,576.00;9,327.62;69.68;0.00;0.00;2,908,363.29
ago/2020;21,877.37;33,601.74;129,081.54;0.00;19,506.82;885,200.72;9,764.89;483,695.90;1,017.10;647,375.58;574,379.33;385.18;346.31;0.00;12.40;274,835.24;94,364.00;7,451.79;80.22;0.00;0.00;3,182,976.13
sep/2020;21,879.53;26,005.63;123,261.01;0.00;20,238.47;959,013.35;9,735.38;439,581.36;948.80;661,665.58;610,445.10;509.00;287.45;356.40;35.69;158,485.71;95,762.00;11,629.83;54.92;0.00;0.00;3,139,895.21
oct/2020;22,655.15;37,876.73;117,108.19;0.00;29,115.90;1,064,005.30;16,475.25;459,312.45;1,142.86;680,362.07;648,582.82;468.37;266.74;0.00;29.42;254,131.92;128,310.00;12,831.92;68.10;0.00;0.00;3,472,743.19
nov/2020;21,903.24;28,761.42;111,855.80;0.00;33,878.65;1,072,873.46;10,704.69;421,504.59;1,142.86;652,630.16;639,856.62;407.14;231.18;933.81;66.48;209,982.62;91,526.00;10,883.80;70.08;0.00;0.00;3,309,212.60
dic/2020;21,166.56;27,190.81;162,734.65;0.00;38,849.97;1,276,290.85;12,819.54;481,068.86;1,312.55;768,193.03;760,695.45;547.10;-4,603.49;1,116.47;52.58;243,519.81;118,168.00;13,060.54;73.41;0.00;0.00;3,922,256.69
ene/2021;29,777.89;26,925.55;110,449.89;0.00;37,507.18;1,220,637.86;12,064.41;485,759.13;940.90;685,942.97;655,512.66;452.50;5,223.09;274.48;88.32;128,264.67;108,756.00;13,975.11;0.00;0.00;0.00;3,522,552.61
feb/2021;20,350.18;21,953.78;146,527.38;0.00;37,044.54;1,272,608.93;10,943.51;447,847.05;1,010.16;669,312.88;621,712.09;709.18;-308.70;0.00;42.85;286,352.94;110,937.00;9,954.97;0.00;0.00;0.00;3,656,998.74
mar/2021;27,765.93;29,164.03;153,583.54;0.00;36,954.44;1,417,379.54;10,508.49;513,966.39;1,291.15;773,453.52;692,240.49;417.13;116.17;0.00;95.13;187,420.65;104,570.00;11,349.78;0.00;0.00;0.00;3,960,276.38
abr/2021;25,695.84;39,782.05;128,870.62;0.00;50,964.69;1,268,491.30;9,876.20;466,275.27;1,029.93;688,389.03;610,310.75;441.82;71.76;83.00;31.83;222,753.58;108,795.00;12,887.39;0.00;0.00;0.00;3,634,750.06
may/2021;24,652.39;49,044.75;124,558.01;160.00;52,492.11;1,188,222.54;12,741.15;475,018.36;935.05;707,336.38;643,076.84;237.83;9.43;516.70;54.68;208,306.63;122,958.00;11,316.86;0.00;0.00;0.00;3,621,637.71
jun/2021;23,178.27;29,579.19;130,750.30;0.00;56,780.29;1,128,077.11;10,188.84;475,462.79;1,118.33;692,598.71;637,332.81;319.61;66.04;217.00;525.04;221,867.31;112,843.00;4,353.63;0.00;0.00;0.00;3,525,258.27
jul/2021;26,087.78;28,594.62;161,178.68;0.00;59,802.43;1,197,398.40;11,250.16;500,478.60;1,116.71;740,193.13;665,472.94;272.62;-105.71;353.00;193.49;247,257.05;89,715.00;13,270.25;0.00;0.00;0.00;3,742,529.15
ago/2021;22,702.60;28,571.40;108,263.65;0.00;50,494.29;1,104,625.93;10,524.54;492,629.81;1,034.76;668,221.54;636,824.61;480.63;73.11;380.00;0.75;209,382.44;118,471.00;10,196.20;0.00;0.00;0.00;3,462,877.26
sep/2021;24,886.79;16,940.81;119,053.02;73.32;54,470.85;1,102,655.34;10,578.96;493,058.47;1,128.98;670,418.80;605,257.76;316.84;151.91;345.00;6.86;186,654.68;91,068.00;7,911.30;0.00;0.00;0.00;3,384,977.69
oct/2021;22,594.68;22,006.99;111,134.14;0.00;55,352.31;1,166,983.39;10,922.71;497,279.70;374.12;718,676.32;675,821.54;294.75;-321.14;1,350.00;0.13;481,888.42;105,591.55;7,075.41;0.00;0.00;0.00;3,877,025.02
nov/2021;24,166.33;23,458.00;104,401.79;0.00;61,963.26;1,223,817.11;10,724.39;480,432.29;1,419.33;708,246.27;641,916.40;329.07;114.64;0.00;25.16;301,772.78;86,090.12;14,335.88;0.00;0.00;0.00;3,683,212.82
dic/2021;22,777.04;29,373.31;148,010.70;0.00;70,251.79;1,380,064.62;14,349.94;531,775.93;1,310.74;821,882.15;768,102.83;174.21;161.85;0.00;1.74;330,630.31;107,199.79;12,026.93;0.00;0.00;0.00;4,238,093.88
ene/2022;26,398.49;26,627.95;123,738.00;0.00;61,396.28;1,281,083.25;13,681.79;513,015.93;1,521.19;683,031.84;621,512.78;5,249.84;188.33;0.00;0.10;349,200.82;97,622.50;9,395.75;0.00;0.00;0.00;3,813,664.84
feb/2022;28,690.37;22,671.15;113,402.81;0.00;54,437.25;1,267,195.10;8,915.36;519,921.04;947.72;661,521.58;592,106.14;3,609.39;126.45;0.00;2.52;440,976.25;119,968.05;6,436.35;0.00;0.00;0.00;3,840,927.53
mar/2022;29,464.78;31,004.35;154,357.45;0.00;66,914.62;1,335,367.84;10,326.27;483,657.43;1,523.81;701,819.65;598,038.47;4,287.51;141.38;1,500.00;134.92;455,044.70;128,886.16;7,693.95;0.00;0.00;0.00;4,010,163.29
abr/2022;25,782.82;16,827.45;133,668.15;-11.79;69,048.36;1,288,232.70;9,065.57;493,178.40;1,390.31;812,059.06;569,199.43;7,109.72;160.61;652.00;394.46;405,287.72;104,909.33;5,358.26;0.00;0.00;0.00;3,942,312.56
may/2022;25,853.21;21,737.46;167,050.20;-82.52;71,003.32;1,109,576.77;8,920.19;515,616.02;1,333.33;791,824.98;483,991.63;4,737.69;426.14;728.29;166.74;409,436.09;101,345.62;9,698.39;0.00;0.00;0.00;3,723,363.55
jun/2022;25,887.94;19,273.76;104,641.21;14.47;68,988.11;1,102,689.46;9,445.02;513,914.27;1,338.21;781,009.47;507,260.42;4,057.90;797.57;2,105.56;0.50;362,269.01;99,404.50;7,380.71;0.00;0.00;0.00;3,610,478.09
jul/2022;21,393.25;27,249.06;107,271.87;15.71;70,983.86;1,125,984.15;9,177.23;513,619.25;1,142.86;788,841.46;554,496.90;7,441.02;536.57;1,519.74;153.09;432,128.63;96,843.79;7,556.06;0.00;0.00;0.00;3,766,354.50
ago/2022;23,208.91;33,587.39;109,190.19;-143.00;74,443.19;1,107,348.96;9,928.60;541,273.94;1,292.79;784,468.32;581,844.42;6,487.42;211.02;1,573.56;98.60;462,195.76;115,875.47;7,619.59;0.00;0.00;0.00;3,860,505.13
sep/2022;22,348.19;39,127.46;135,728.17;0.00;63,518.27;1,202,883.03;10,663.38;479,529.68;1,129.28;760,396.15;570,632.20;4,177.49;88.55;2,452.28;46.75;404,922.34;100,738.00;8,249.40;0.00;0.00;0.00;3,806,630.62
oct/2022;25,580.00;55,160.16;131,645.27;-94.29;54,757.41;979,243.31;8,890.20;545,823.45;1,138.12;768,784.36;573,943.48;7,409.45;241.35;1,914.45;37.27;352,332.22;123,296.80;10,662.76;0.00;0.00;0.00;3,640,765.77
nov/2022;25,768.80;72,337.43;139,804.79;-439.19;67,178.42;1,165,294.16;10,785.62;528,393.77;1,112.59;771,173.12;572,163.23;5,610.95;-3.33;1,598.96;67.94;748,589.98;137,937.12;11,728.21;0.00;0.00;0.00;4,259,102.57
dic/2022;25,304.91;57,533.95;135,803.78;-286.43;94,150.68;1,241,281.79;8,940.56;556,737.22;1,320.96;865,851.44;635,953.46;3,668.38;362.38;1,786.75;60.41;283,650.41;135,988.00;6,824.75;0.00;0.00;0.00;4,054,933.40
ene/2023;26,561.43;77,035.87;105,294.71;-380.72;73,581.22;1,285,932.51;9,391.16;574,148.00;1,224.04;804,524.73;599,501.29;5,654.81;540.21;2,222.59;142.63;427,535.42;112,435.87;7,647.92;0.00;0.00;0.00;4,112,993.69
feb/2023;25,841.91;74,416.24;116,577.42;-287.62;66,761.16;1,226,884.63;8,398.95;497,273.19;1,134.43;737,345.64;544,144.00;510.40;935.55;1,133.80;145.61;311,098.09;100,237.67;16,166.19;0.00;0.00;0.00;3,728,717.26
mar/2023;31,025.18;69,630.40;194,492.83;;83,431.51;1,463,008.43;11,462.71;588,892.16;1,514.78;875,010.34;656,941.64;481.54;-1,882.43;2,024.49;268.68;311,475.22;112,090.14;12,781.27;0.00;0.00;0.00;4,412,648.89
abr/2023;23,786.29;74,654.67;157,844.83;-841.64;80,733.64;1,247,899.39;10,553.37;513,919.89;1,390.03;798,128.36;586,642.20;415.69;-1,568.78;940.32;108.23;322,290.11;96,434.73;13,410.95;0.00;0.00;0.00;3,926,742.28
may/2023;27,142.62;76,296.87;221,002.66;-797.34;73,860.95;1,346,554.12;12,201.45;561,767.17;1,790.83;866,826.79;646,221.20;526.03;-2,825.20;1,652.70;117.00;508,981.62;114,448.93;15,367.18;0.00;0.00;0.00;4,471,135.58
jun/2023;20,984.44;61,945.89;278,395.87;-141.21;83,670.38;1,159,045.92;11,006.74;532,138.90;1,757.38;782,745.17;616,290.21;251.49;-242.23;1,479.62;244.37;477,277.35;103,883.51;13,786.74;0.00;0.00;0.00;4,144,520.54
jul/2023;26,154.75;51,822.56;184,922.99;-300.65;86,543.50;1,178,454.37;10,322.55;521,833.56;1,668.74;825,219.05;642,098.16;124.47;61.33;1,742.72;289.82;463,783.28;103,263.65;18,098.98;0.00;0.00;0.00;4,116,103.83
ago/2023;28,448.14;36,555.03;177,433.27;-370.81;85,858.76;1,222,453.19;11,621.18;543,825.64;1,496.00;851,754.02;632,333.40;570.27;94.24;1,289.49;322.29;578,024.40;118,906.90;21,312.71;0.00;0.00;0.00;4,311,928.12
sep/2023;26,664.59;30,992.39;153,538.96;0.00;78,170.33;1,103,622.25;10,333.31;517,699.48;1,309.79;799,852.73;597,670.26;418.09;58.97;1,580.67;407.86;466,772.04;98,530.47;10,044.27;0.00;0.00;0.00;3,897,666.46
oct/2023;17,666.08;16,064.27;140,794.11;-231.53;61,988.69;998,113.39;9,768.00;495,261.14;1,871.98;728,741.16;531,542.58;163.86;35.57;1,538.41;48.39;320,934.87;16,701.00;16,998.76;0.00;0.00;0.00;3,358,000.73
nov/2023;27,621.73;20,210.70;139,849.79;0.00;87,293.60;1,248,223.75;11,149.45;530,542.42;1,142.86;807,947.98;632,180.03;239.31;362.38;1,653.74;59.66;277,411.44;96,347.00;12,303.72;0.00;0.00;0.00;3,894,539.56
dic/2023;24,983.37;14,626.67;177,249.65;-572.63;96,335.03;1,334,692.15;10,583.80;541,263.18;1,511.90;880,233.12;691,389.62;146.53;113.22;1,283.82;2.18;371,910.12;80,461.30;14,748.21;0.00;0.00;0.00;4,240,961.24
ene/2024;28,739.00;11,541.39;155,857.44;-425.40;101,931.98;1,359,012.49;12,753.66;548,124.45;1,428.57;830,708.13;658,083.66;497.12;58.93;2,211.55;63.00;494,201.60;91,360.15;14,764.28;0.00;0.00;0.00;4,310,912.00
feb/2024;26,061.54;16,710.19;116,497.67;-374.79;90,032.19;1,340,174.42;12,428.51;526,897.85;1,140.33;818,740.16;654,059.60;-593.71;-405.69;2,061.43;42.15;307,639.83;80,009.60;21,105.25;0.00;0.00;0.00;4,012,226.53
mar/2024;25,159.01;13,146.14;243,839.73;-124.51;92,065.02;1,393,324.52;12,378.90;523,990.91;1,510.75;870,771.70;671,997.05;646.23;94.17;1,709.22;0.90;534,218.36;87,066.32;5,069.30;0.00;0.00;0.00;4,476,863.72
abr/2024;30,759.23;12,942.60;169,259.07;-408.66;84,078.82;1,428,143.44;13,960.16;531,880.19;1,495.49;847,353.15;633,520.57;539.51;23.45;2,209.47;49.32;270,494.00;76,628.15;18,204.87;0.00;0.00;0.00;4,121,132.83
may/2024;29,422.53;10,648.82;407,622.36;-679.88;88,754.57;1,396,161.97;11,513.25;536,754.38;1,605.58;894,533.14;692,427.94;217.62;93.45;1,934.08;239.14;522,187.82;85,210.78;14,524.46;0.00;0.00;0.00;4,693,172.01
jun/2024;28,122.45;12,238.87;185,666.77;24.60;88,648.86;1,159,042.18;12,976.01;523,778.26;1,130.15;794,408.31;629,424.37;402.08;129.02;1,972.12;76.60;520,610.00;72,067.92;13,313.96;0.00;0.00;0.00;4,044,032.53
