Fecha;Aceites lubricantes;Asfalto ;Bunker;Ceras;Combustible turbo jet;Diesel bajo azufre;Diesel ultra bajo azufre;Gas licuado de petróleo;Gasolina de aviación;Gasolina regular;Gasolina superior;Grasas lubricantes;Kerosina;Mezclas oleosas;Naftas;Petcoke;Petróleo crudo;Solventes;Butano;Diesel alto azufre;MTBE;Orimulsión;Petróleo reconstituido;Total importación
ene-01;0;27,748.99;214,581.84;0;0;0;0;194,065.74;820;177,776.50;373,963.96;0;33,834.03;0;0;0;0;0;0;566,101.99;8,402.00;0;715,344.00;2,312,639.05
feb-01;0;7,503.57;294,609.00;0;0;0;0;170,703.38;3,054.00;123,115.99;243,091.07;0;67,439.95;0;0;0;0;0;0;489,525.80;0;0;370,166.00;1,769,208.76
mar-01;0;26,304.32;315,263.80;0;0;0;0;161,837.37;677;161,726.42;312,084.38;0;31,787.29;0;0;0;0;0;0;575,559.68;0;0;360,530.00;1,945,770.26
abr-01;0;7,885.89;205,653.00;0;0;0;0;163,048.64;3,399.00;127,338.74;285,054.89;0;25,801.18;0;0;0;0;0;0;437,745.42;8,184.00;0;359,527.00;1,623,637.76
may-01;0;8,443.16;278,371.30;0;0;0;0;171,518.86;585;168,730.19;300,913.67;0;45,529.33;0;0;0;0;0;0;552,609.13;12,680.00;0;723,346.00;2,262,726.64
jun-01;0;6,229.04;218,765.60;0;0;0;0;190,004.42;492;152,899.09;333,217.19;0;64,444.95;0;0;0;0;0;0;497,855.26;0;0;360,369.00;1,824,276.55
jul-01;0;3,103.99;156,109.00;0;0;0;0;206,022.83;655;136,299.13;195,071.86;0;23,654.10;0;0;0;0;0;0;302,350.02;10,642.00;0;360,570.00;1,394,477.93
ago-01;0;27,821.06;189,692.60;0;0;0;0;100,561.47;607;139,365.07;268,153.26;0;49,890.61;0;0;0;0;0;0;464,159.13;13,357.00;0;719,303.00;1,972,910.20
sep-01;0;2,324.85;385,142.30;0;0;0;0;186,839.02;3,868.00;233,643.75;308,439.07;0;41,519.91;0;0;0;0;0;0;321,952.94;0;0;360,635.00;1,844,364.84
oct-01;0;1,484.40;214,138.00;0;0;0;0;163,864.20;650;141,550.22;305,102.28;0;32,657.33;0;0;0;0;0;0;438,989.55;19,431.00;0;717,717.00;2,035,583.98
nov-01;0;895.44;142,282.26;0;0;0;0;194,722.50;2,988.00;165,841.46;256,638.19;0;23,876.81;0;0;0;0;0;0;440,245.35;0;0;356,364.00;1,583,854.01
dic-01;0;321.3;307,427.20;0;0;0;0;194,329.02;350;149,217.67;277,145.05;0;22,948.95;0;0;0;0;0;0;479,983.27;14,822.00;0;366,828.00;1,813,372.46
ene-02;0;1,978.12;332,302.30;0;0;0;0;168,422.62;0;178,585.93;271,479.00;0;25,109.50;0;0;0;0;0;0;500,041.32;11,481.00;0;724,812.00;2,214,211.79
feb-02;0;114;285,980.00;0;0;0;0;200,141.36;3,499.00;144,447.25;365,657.75;0;41,050.42;0;0;0;0;0;0;686,923.83;0;0;368,318.00;2,096,131.61
mar-02;0;2,147.65;175,483.30;0;0;0;0;193,422.60;485;104,673.64;246,292.60;0;19,066.89;0;0;0;0;0;0;432,538.46;12,350.00;0;730,957.00;1,917,417.14
abr-02;0;25,060.00;358,010.70;0;0;0;0;218,257.51;441;190,339.00;310,256.30;0;33,748.80;0;0;0;0;0;0;424,667.36;0;0;365,663.00;1,926,443.67
may-02;0;1,170.05;307,343.57;0;0;0;0;159,299.42;534;194,830.10;363,311.76;0;33,775.30;0;0;0;0;0;0;497,781.66;13,280.00;0;369,420.00;1,940,745.86
jun-02;0;3,120.87;412,133.78;0;0;0;0;210,874.61;3,138.00;137,050.80;250,123.19;0;6,005.88;0;0;0;0;0;0;496,826.62;17,839.00;0;726,775.00;2,263,887.75
jul-02;0;584.36;242,340.18;0;0;0;0;199,708.55;488;222,408.00;428,842.80;0;18,227.39;0;0;0;0;0;0;636,727.84;0;0;365,679.00;2,115,006.12
ago-02;0;1,268.58;346,153.70;0;0;0;0;192,213.74;3,477.00;143,795.00;298,280.33;0;24,692.87;0;0;0;0;0;0;346,225.00;0;0;364,878.00;1,720,984.22
sep-02;0;5,463.83;300,348.73;0;0;0;0;190,686.73;466;156,956.90;331,053.70;0;37,242.20;0;0;0;0;0;0;638,933.22;0;0;0;1,661,151.31
oct-02;0;2,158.97;343,702.00;0;0;0;0;210,871.19;2,400.00;195,426.80;352,055.50;0;63,543.82;0;0;0;0;0;0;703,749.81;0;0;0;1,873,908.09
nov-02;0;1,707.57;508,787.00;0;0;0;0;227,595.86;582;153,185.70;291,188.76;0;33,324.44;0;0;0;0;0;0;573,289.50;0;0;0;1,789,660.83
dic-02;0;1,462.84;561,334.63;0;0;0;0;192,272.02;3,379.00;167,596.71;440,677.81;0;47,548.06;0;0;0;0;0;0;678,749.64;0;0;0;2,093,020.71
ene-03;0;2,225.46;433,367.10;0;0;0;0;237,532.26;720;228,269.50;425,185.50;0;48,243.38;0;0;0;0;0;0;797,344.38;0;0;0;2,172,887.58
feb-03;0;2,497.86;333,362.76;0;0;0;0;169,819.00;254;214,490.70;443,849.85;0;74,118.22;0;0;0;0;0;0;765,912.66;0;0;0;2,004,305.05
mar-03;0;5,342.26;555,012.30;0;0;0;0;221,030.86;1,203.00;161,257.48;363,352.66;0;20,757.68;0;0;0;0;0;0;693,942.31;0;0;0;2,021,898.55
abr-03;0;5,453.73;470,787.51;0;0;0;0;192,170.14;3,520.00;189,824.89;335,444.69;0;71,377.38;0;0;0;0;0;0;873,103.10;0;0;0;2,141,681.44
may-03;0;10,331.91;512,728.76;0;0;0;0;185,016.67;0;269,981.86;459,025.69;0;43,468.04;0;0;0;0;0;0;625,190.08;0;0;0;2,105,743.01
jun-03;0;3,188.55;334,426.35;0;0;0;0;231,805.03;3,137.00;182,254.23;372,486.53;0;75,168.64;0;0;0;0;0;0;671,882.83;0;0;0;1,874,349.16
jul-03;0;5,942.79;475,755.86;0;0;0;0;216,504.93;906;133,668.20;400,922.97;0;29,429.84;0;0;0;0;0;0;822,014.55;0;0;0;2,085,145.14
ago-03;0;7,034.51;518,231.66;0;0;0;0;209,952.38;48;169,903.86;292,365.04;0;55,600.70;0;0;0;0;0;0;494,087.13;0;0;0;1,747,223.28
sep-03;0;5,189.42;360,969.08;0;0;0;0;231,499.19;0;177,217.53;398,192.16;0;66,626.70;0;0;0;0;0;0;614,913.68;0;0;0;1,854,607.76
oct-03;0;7,645.76;536,918.24;0;0;0;0;216,302.81;2,719.00;181,668.03;260,219.92;0;61,154.50;0;0;0;0;0;0;433,084.99;0;0;0;1,699,713.25
nov-03;0;6,163.71;717,557.85;0;0;0;0;232,526.98;0;205,624.08;393,951.96;0;50,841.70;0;0;0;0;0;0;627,189.78;0;0;0;2,233,856.06
dic-03;0;8,962.13;286,775.50;0;0;0;0;214,489.86;2,649.00;161,477.73;296,780.15;0;67,894.90;0;0;0;0;0;0;745,524.88;0;0;0;1,784,554.15
ene-04;0;8,309.85;475,730.96;0;0;0;0;251,271.55;0;173,427.23;368,235.14;0;59,343.10;0;0;155,510.03;0;0;0;762,385.45;0;0;0;2,254,213.30
feb-04;0;10,379.19;348,162.02;0;0;0;0;197,730.29;0;147,939.23;281,891.97;0;49,226.20;0;0;0;0;0;0;460,947.50;0;249,982.70;0;1,746,259.10
mar-04;0;12,318.35;474,292.60;0;0;0;0;253,366.12;2,300.00;275,539.38;486,880.82;0;47,021.80;0;0;144,859.00;0;0;0;772,128.26;0;0;0;2,468,706.33
abr-04;0;14,014.84;415,311.51;0;0;0;0;206,671.88;2,920.00;245,156.34;415,426.00;0;58,717.90;0;0;0;0;0;0;809,194.95;0;311,711.21;0;2,479,124.63
may-04;0;13,384.38;238,958.31;0;0;0;0;202,368.21;0;178,387.80;350,052.95;0;71,209.20;0;0;137,087.50;0;0;0;634,209.64;0;0;0;1,825,657.99
jun-04;0;15,485.81;533,789.63;0;0;0;0;231,850.33;0;133,341.00;311,238.01;0;90,154.80;0;0;0;0;0;0;461,381.79;0;311,270.32;0;2,088,511.69
jul-04;0;14,504.73;108,059.00;0;0;0;0;220,449.26;257;152,075.75;249,710.69;0;13,662.00;0;0;155,914.00;0;0;0;467,154.31;0;0;0;1,381,786.74
ago-04;0;13,756.04;315,109.00;0;0;0;0;215,881.07;3,375.00;208,592.85;434,578.12;0;79,589.70;0;0;0;0;0;0;669,462.53;0;315,915.92;0;2,256,260.23
sep-04;0;14,546.91;434,142.76;0;0;0;0;252,058.26;0;218,499.24;420,550.29;0;69,168.50;0;0;146,223.00;0;0;0;714,039.85;0;0;0;2,269,228.81
oct-04;0;11,315.28;411,472.34;0;0;0;0;208,715.48;697;201,907.67;366,886.30;0;82,916.50;0;0;0;0;0;0;655,715.05;0;313,440.96;0;2,253,066.58
nov-04;0;2,029.03;293,179.62;0;0;0;0;195,645.45;1,647.00;215,838.32;434,710.94;0;49,233.00;0;0;152,894.50;0;0;0;726,697.88;0;318,754.00;0;2,390,629.74
dic-04;0;2,090.04;243,611.33;0;0;0;0;278,688.52;1,396.00;227,094.71;433,149.96;0;59,035.30;0;0;0;0;0;0;781,266.61;0;0;0;2,026,332.47
ene-05;0;10,798.98;318,657.90;0;0;0;0;226,452.50;3,105.00;202,374.33;257,867.99;0;33,986.00;0;0;141,267.50;0;0;0;663,058.79;0;338,810.04;0;2,196,379.03
feb-05;0;13,495.30;303,067.68;0;0;0;0;179,212.81;0;178,104.72;306,660.39;0;62,584.20;0;0;0;0;0;0;683,664.39;0;0;0;1,726,789.49
mar-05;0;17,405.13;436,935.02;0;0;0;0;271,163.05;3,100.00;217,667.69;431,907.81;0;70,706.00;0;0;147,361.50;0;0;0;778,645.07;0;0;0;2,374,891.27
abr-05;0;13,520.46;339,926.16;0;0;0;0;187,599.95;0;234,492.03;534,151.81;0;48,655.10;0;0;137,890.50;0;0;0;708,164.74;0;316,798.00;0;2,521,198.75
may-05;0;16,284.91;572,328.31;0;0;0;0;243,625.26;3,365.00;192,734.40;378,616.30;0;61,188.20;0;0;134,700.50;0;0;0;875,087.62;0;344,685.00;0;2,822,615.50
jun-05;0;16,063.20;471,302.18;0;0;0;0;256,001.38;609;243,343.68;537,398.43;0;35,505.90;0;0;0;0;0;0;1,041,016.72;0;0;0;2,601,240.49
jul-05;0;10,382.08;447,607.75;0;0;0;0;351,089.64;673;175,946.30;363,410.90;0;57,335.20;0;0;147,994.00;0;0;0;770,731.74;0;312,030.00;0;2,637,200.61
ago-05;0;13,408.17;201,638.98;0;0;0;0;115,098.57;0;173,810.38;566,618.55;0;24,343.00;0;0;0;0;0;0;815,435.20;0;0;0;1,910,352.85
sep-05;0;19,894.97;184,318.28;0;0;0;0;461,957.15;177;81,015.30;193,484.50;0;65,426.30;0;0;147,735.50;0;0;0;229,764.74;0;329,946.00;0;1,713,719.74
oct-05;0;4,807.49;280,596.41;0;0;0;0;456,714.29;2,884.00;145,325.65;528,877.09;0;64,975.70;0;0;0;0;0;0;671,848.94;0;0;0;2,156,029.57
nov-05;0;10,934.29;425,553.13;0;0;0;0;127,819.83;3,076.00;266,018.37;348,687.81;0;33,635.10;0;0;150,007.00;0;0;0;635,553.46;0;0;0;2,001,284.99
dic-05;0;6,643.00;284,168.38;0;0;0;0;456,441.07;357;107,374.00;360,807.00;0;39,994.70;0;0;147,460.50;0;0;0;1,212,610.53;0;325,083.00;0;2,940,939.18
ene-06;0;4,073.00;311,221.28;0;0;0;0;461,915.81;0;348,503.85;711,860.77;0;64,569.80;0;0;0;0;0;0;708,730.84;0;312,673.00;0;2,923,548.35
feb-06;0;6,134.00;121,036.31;0;0;0;0;139,318.22;3,577.00;145,048.20;262,170.90;0;44,797.30;0;0;0;0;0;0;767,710.63;0;0;0;1,489,792.56
mar-06;0;11,054.00;429,837.61;0;0;0;0;385,287.41;548;285,783.25;408,065.34;0;52,658.40;0;0;147,746.50;0;0;0;744,721.94;0;0;0;2,465,702.45
abr-06;0;8,145.00;287,959.04;0;0;0;0;317,756.14;3,423.00;238,824.61;421,300.82;0;36,823.50;0;0;151,635.00;0;0;0;935,306.58;0;0;0;2,401,173.69
may-06;0;14,644.00;764,099.76;0;0;0;0;134,526.05;3,615.00;134,212.30;312,024.70;0;72,698.30;0;0;0;0;0;0;822,556.45;0;0;0;2,258,376.56
jun-06;0;16,453.00;367,297.31;0;0;0;0;347,549.31;190;211,562.74;394,014.85;0;35,949.40;0;0;151,250.00;0;0;0;361,207.59;0;0;0;1,885,474.20
jul-06;0;9,178.00;385,553.32;0;0;0;0;140,074.43;452;180,942.18;375,951.16;0;68,151.60;0;0;150,425.00;0;0;0;971,716.72;0;0;0;2,282,444.41
ago-06;0;7,880.00;318,166.29;0;0;0;0;434,013.19;0;147,245.49;313,326.86;0;50,939.80;0;0;0;0;0;0;603,747.33;0;0;0;1,875,318.96
sep-06;0;4,588.00;461,459.78;0;0;0;0;457,683.24;452;366,193.77;525,623.15;0;50,012.60;0;0;150,349.65;0;0;0;473,431.31;0;0;0;2,489,793.50
oct-06;0;6,380.00;446,660.88;0;0;0;0;130,938.67;4,808.00;153,997.35;285,505.00;0;47,546.00;0;0;145,937.83;0;0;0;1,220,719.64;0;0;0;2,442,493.36
nov-06;0;10,985.00;321,841.37;0;0;0;0;492,063.43;381;171,327.01;428,590.50;0;31,977.40;0;0;149,110.67;0;0;0;431,874.86;0;0;0;2,038,151.23
dic-06;0;5,775.00;612,637.14;0;0;0;0;112,912.81;1,717.00;234,319.30;395,132.09;0;53,294.10;0;0;148,978.28;0;0;0;890,336.68;0;0;0;2,455,102.40
ene-07;0;11,252.00;419,881.17;0;0;0;0;308,348.52;381;289,550.59;523,730.31;0;65,308.30;0;0;0;0;0;0;818,060.57;0;0;0;2,436,512.46
feb-07;0;10,997.00;442,208.81;0;0;0;0;295,082.83;3,553.00;299,077.04;401,855.41;0;57,695.40;0;0;165,044.00;0;0;0;822,325.65;0;0;0;2,497,839.14
mar-07;0;10,292.00;676,389.41;0;0;0;0;399,387.22;571;326,317.75;541,817.85;0;51,860.10;0;0;0;0;0;0;569,451.85;0;0;0;2,576,087.18
abr-07;0;11,437.00;576,702.01;0;0;0;0;391,790.79;2,541.00;94,844.90;203,441.33;0;83,496.70;0;0;166,886.50;0;0;0;850,138.11;0;0;0;2,381,278.34
may-07;0;10,752.00;390,428.07;0;0;0;0;132,106.60;381;238,404.83;545,587.63;0;23,476.00;0;0;149,550.50;0;0;0;793,887.04;0;0;0;2,284,573.67
jun-07;0;6,891.00;635,979.48;0;0;0;0;553,252.05;0;170,064.98;441,537.39;0;82,309.90;0;0;148,676.00;0;0;0;855,757.14;0;0;0;2,894,467.94
jul-07;0;12,327.00;746,956.76;0;0;0;0;153,167.79;3,220.00;227,660.47;451,180.82;0;47,604.10;0;0;152,834.00;0;0;0;1,118,432.25;0;0;0;2,913,383.19
ago-07;0;9,273.00;741,692.20;0;0;0;0;309,647.07;476;351,306.27;501,840.27;0;82,558.60;0;0;0;0;0;0;824,047.47;0;0;0;2,820,840.88
sep-07;0;11,535.70;425,995.94;0;0;0;0;183,484.88;2,784.00;181,015.83;336,120.81;0;68,630.10;0;0;167,480.50;0;0;0;497,008.84;0;0;0;1,874,056.60
oct-07;0;9,690.10;422,763.80;0;0;0;0;486,194.88;190;312,120.18;376,377.75;0;77,376.50;0;0;0;0;0;0;885,924.86;0;0;0;2,570,638.07
nov-07;0;10,134.10;92,054.55;0;0;0;0;148,627.36;2,229.00;289,282.55;512,550.51;0;53,092.10;0;0;0;0;0;0;665,114.83;0;0;0;1,773,085.00
dic-07;0;9,846.00;585,035.81;0;0;0;0;371,098.40;95;222,108.35;542,916.97;0;58,973.50;0;0;311,674.00;0;0;0;812,776.59;0;0;0;2,914,524.62
ene-08;0;7,227.00;357,826.00;0;0;0;0;522,670.52;2,726.20;107,885.65;204,788.30;0;55,618.10;0;0;0;0;0;0;613,819.33;0;0;0;1,872,561.10
feb-08;0;3,575.00;596,066.54;0;0;0;0;126,941.22;2,442.50;234,830.10;545,139.83;0;63,895.10;0;0;0;0;0;0;500,922.23;0;0;0;2,073,812.52
mar-08;0;10,375.20;280,414.70;0;0;0;0;321,294.76;95.2;241,800.33;405,713.48;0;73,114.40;0;0;146,640.07;0;0;0;1,095,743.35;0;0;0;2,575,191.49
abr-08;0;11,902.80;644,339.91;0;0;0;0;296,531.95;285.7;271,554.27;570,256.98;0;61,215.00;0;0;149,627.39;0;0;0;682,042.07;0;0;0;2,687,756.07
may-08;0;17,890.00;848,575.95;0;0;0;0;506,589.79;3,093.20;242,628.16;424,954.88;0;64,572.90;0;0;150,762.10;0;0;0;710,464.76;0;0;0;2,969,531.73
jun-08;0;8,087.00;257,332.45;0;0;0;0;135,630.48;190.5;177,838.70;273,398.73;0;73,918.80;0;0;0;0;0;0;817,804.84;0;0;0;1,744,201.50
jul-08;0;9,947.00;549,352.90;0;0;0;0;365,117.62;190.5;232,129.20;384,549.70;0;50,621.00;0;0;150,155.50;0;0;0;541,486.15;0;0;0;2,283,549.57
ago-08;0;4,575.20;512,005.35;0;0;0;0;124,909.19;171.4;138,376.72;241,881.47;0;61,346.30;0;0;148,500.00;0;0;0;713,650.52;0;0;0;1,945,416.15
sep-08;0;2,631.00;265,932.42;0;0;0;0;290,330.74;1,178.60;290,621.26;423,244.17;0;31,940.50;0;0;149,060.89;0;0;0;544,521.54;0;0;0;1,999,461.12
oct-08;0;7,436.10;193,916.40;0;0;0;0;515,833.10;3,273.70;358,036.44;329,762.30;0;81,679.00;0;0;0;0;0;0;344,273.02;0;0;0;1,834,210.06
nov-08;0;4,910.90;467,765.33;0;0;0;0;304,780.71;190.5;170,365.32;386,365.05;0;40,478.60;0;0;0;0;0;0;809,439.42;0;0;0;2,184,295.83
dic-08;0;1,132.00;321,373.52;0;0;0;0;265,854.17;3,380.00;238,398.92;458,949.42;0;32,909.50;0;0;0;0;0;0;524,038.42;0;0;0;1,846,035.95
ene-09;0;4,814.00;462,619.82;0;0;0;0;440,807.21;285.7;202,484.53;382,300.56;0;51,282.70;0;0;165,846.18;0;0;0;941,535.71;0;0;0;2,651,976.41
feb-09;0;6,513.00;316,669.93;0;0;0;0;308,898.19;187.7;588,346.36;522,820.81;0;60,857.20;0;0;0;0;0;0;914,059.40;0;0;0;2,718,352.59
mar-09;0;5,116.00;249,980.94;0;0;0;0;116,357.43;2,925.00;298,459.25;626,630.99;0;56,965.60;0;0;0;0;0;0;893,473.80;0;0;0;2,249,909.01
abr-09;0;4,374.00;375,412.12;0;0;0;0;382,796.62;93.7;182,218.96;348,267.66;0;52,516.30;0;0;0;0;0;0;816,840.02;0;0;0;2,162,519.38
may-09;0;8,390.00;1,051,763.66;0;0;0;0;108,032.64;256.4;377,337.48;341,700.48;0;20,718.60;0;0;165,000.00;0;0;0;621,339.93;0;0;0;2,694,539.19
jun-09;0;2,002.00;598,780.49;0;0;0;0;439,954.52;273.8;363,676.29;589,337.79;0;63,788.00;0;0;0;0;0;0;735,260.51;0;0;0;2,793,073.40
jul-09;0;6,156.00;427,219.03;0;0;0;0;451,892.83;723.6;363,911.51;337,172.65;0;40,926.60;0;0;0;0;0;0;850,806.89;0;0;0;2,478,809.11
ago-09;0;7,442.00;454,739.68;0;0;0;0;151,179.48;3,389.70;210,495.68;476,525.36;0;68,002.40;0;0;0;0;0;0;842,742.17;0;0;0;2,214,516.47
sep-09;0;6,757.00;417,863.18;0;0;0;0;265,512.40;186.3;161,783.68;321,728.95;0;48,160.70;0;0;165,190.91;0;0;0;611,966.22;0;0;0;1,999,149.34
oct-09;0;7,998.00;547,485.85;0;0;0;0;294,299.57;187;375,067.23;639,524.61;0;53,069.80;0;0;0;0;0;0;869,366.31;0;0;0;2,786,998.37
nov-09;0;6,446.00;762,745.04;0;0;0;0;543,498.52;4,171.90;201,213.10;321,859.44;0;42,081.90;0;0;148,528.88;0;0;0;894,309.88;0;0;0;2,924,854.66
dic-09;0;5,081.00;444,330.26;0;0;0;0;121,256.64;0;291,525.48;435,416.18;0;31,007.80;0;0;144,490.01;0;0;0;1,144,960.66;0;0;0;2,618,068.03
ene-10;0;7,549.00;407,232.90;0;0;0;0;437,042.33;0;173,918.35;318,949.72;0;69,541.70;0;0;0;0;0;0;905,803.65;0;0;0;2,320,037.65
feb-10;0;10,200.00;393,505.01;0;0;0;0;410,846.40;3,584.00;336,005.72;492,452.55;0;62,958.80;0;0;0;0;0;0;447,271.92;0;0;0;2,156,824.40
mar-10;0;11,286.10;380,305.39;0;0;0;0;148,495.38;0;157,798.77;303,762.94;0;33,008.70;0;0;149,642.96;0;0;0;947,702.88;0;0;0;2,132,003.12
abr-10;0;12,568.70;593,178.80;0;0;0;0;410,001.10;0;433,108.23;562,996.07;0;42,911.90;0;0;165,852.23;0;0;0;613,011.21;0;0;0;2,833,628.23
may-10;0;6,994.10;349,801.70;0;0;0;0;230,584.60;3,139.00;279,926.95;429,729.38;0;59,512.70;0;0;164,467.77;0;0;0;1,086,036.16;0;0;0;2,610,192.35
jun-10;0;2,940.00;117,297.20;0;0;0;0;344,683.10;0;281,834.46;464,310.80;0;58,930.10;0;0;0;0;0;0;587,828.26;0;0;0;1,857,823.92
jul-10;0;4,133.00;411,546.82;0;0;0;0;461,977.95;3,178.00;241,994.24;456,588.39;0;40,989.80;0;0;145,426.27;0;0;0;712,889.93;0;0;0;2,478,724.40
ago-10;0;2,082.00;212,442.70;0;0;0;0;236,164.31;0;282,509.24;475,714.12;0;65,212.00;0;0;0;0;0;0;637,252.29;0;0;0;1,911,376.66
sep-10;0;4,161.00;135,187.00;0;0;0;0;144,381.79;0;208,796.02;321,134.56;0;15,663.50;0;0;0;0;0;0;741,721.42;0;0;0;1,571,045.29
oct-10;0;5,352.00;301,559.20;0;0;0;0;328,472.60;3,161.00;392,100.62;493,794.29;0;43,634.60;0;0;0;0;0;0;630,692.56;0;0;0;2,198,766.87
nov-10;0;7,402.00;331,749.27;0;0;0;0;540,671.88;0;139,547.73;241,062.76;0;56,430.00;0;0;0;0;0;0;565,627.54;0;0;0;1,882,491.18
dic-10;0;4,246.50;162,229.50;0;0;0;0;286,501.74;2,308.00;430,857.95;652,210.77;0;44,591.60;0;0;0;0;0;0;1,135,293.92;0;0;0;2,718,239.98
ene-11;0;5,497.36;263,229.32;0;0;0;0;511,518.14;0;253,700.82;391,997.54;0;69,631.10;0;0;166,651.76;0;0;0;1,033,948.69;0;0;0;2,696,174.73
feb-11;0;7,033.00;423,634.90;0;0;0;0;313,877.17;2,351.00;343,582.85;437,769.48;0;43,055.90;0;0;164,990.32;0;0;0;772,775.58;0;0;0;2,509,070.20
mar-11;0;10,007.90;138,202.10;0;0;0;0;297,190.31;0;291,087.16;445,920.27;0;33,888.80;0;0;0;0;0;0;707,536.31;0;0;0;1,923,832.85
abr-11;0;5,721.79;652,855.72;0;0;0;0;426,380.21;0;326,003.71;357,349.67;0;46,347.00;0;0;209,682.55;0;0;0;767,445.36;0;0;0;2,791,786.01
may-11;0;4,086.00;423,250.92;0;0;0;0;238,374.12;2,150.00;326,566.61;433,038.13;0;51,018.20;0;0;0;0;0;0;918,940.44;0;0;0;2,397,424.42
jun-11;0;6,274.88;665,240.82;0;0;0;0;345,196.29;3,341.00;230,990.13;354,604.94;0;24,115.30;0;0;148,503.36;0;0;0;553,883.42;0;0;0;2,332,150.13
jul-11;0;11,323.38;394,362.55;0;0;0;0;148,988.50;0;188,581.40;369,694.76;0;44,399.60;0;0;328,990.04;0;0;0;734,958.54;0;0;0;2,221,298.77
ago-11;0;9,067.45;259,425.58;0;0;0;0;565,627.93;2,176.00;201,844.49;270,765.31;0;61,586.21;0;0;0;0;0;0;1,014,324.28;0;0;0;2,384,817.25
sep-11;0;9,462.40;335,474.56;0;0;0;0;382,310.38;0;260,669.22;335,803.82;0;60,244.42;0;0;166,170.51;0;0;0;795,554.71;0;0;0;2,345,690.03
oct-11;0;8,582.21;175,576.95;0;0;0;0;319,091.05;1,669.00;239,711.91;351,555.66;0;55,766.77;0;0;0;0;0;0;612,133.26;0;0;0;1,764,086.81
nov-11;0;11,408.52;203,510.32;0;0;0;0;384,368.36;0;237,803.48;450,212.80;0;45,729.26;0;0;0;0;0;0;575,406.48;0;0;0;1,908,439.22
dic-11;0;11,628.07;244,547.16;0;0;0;0;141,052.55;2,114.00;367,820.54;534,925.36;0;53,946.68;0;0;0;0;0;0;732,921.03;0;0;0;2,088,955.39
ene-12;0;13,869.74;192,178.43;0;0;0;0;481,781.48;0;318,283.44;434,648.17;0;27,960.80;0;0;332,101.50;0;0;0;790,123.23;0;0;0;2,590,946.78
feb-12;0;5,723.19;56,299.00;0;0;0;0;162,561.29;2,220.00;253,583.96;372,893.49;0;75,397.69;0;0;167,575.16;0;0;0;887,963.98;0;0;0;1,984,217.75
mar-12;0;16,175.69;486,502.56;0;0;0;0;521,493.74;0;255,492.16;354,160.85;0;40,494.61;0;0;0;0;0;0;978,693.29;0;0;0;2,653,012.90
abr-12;0;8,865.02;424,997.52;0;0;0;0;131,958.40;2,646.00;189,948.79;399,701.69;0;21,732.04;0;0;0;0;0;0;697,871.28;0;0;0;1,877,720.75
may-12;0;12,714.50;427,414.42;0;0;0;0;510,506.81;1,551.00;241,786.29;380,531.85;0;70,939.56;0;0;169,754.09;0;0;0;833,370.09;0;0;0;2,648,568.61
jun-12;0;5,405.19;490,228.51;0;0;0;0;527,672.26;1,870.00;320,566.69;550,379.33;0;47,391.70;0;0;0;0;0;0;767,124.65;0;0;0;2,710,638.33
jul-12;0;11,297.69;293,113.09;0;0;0;0;165,424.21;0;142,232.47;271,509.20;0;70,228.77;0;0;0;0;0;0;1,021,995.90;0;0;0;1,975,801.33
ago-12;0;13,907.62;76,969.26;0;0;0;0;387,892.07;0;263,677.23;361,307.20;0;65,574.80;0;0;148,916.30;0;0;0;626,706.23;0;0;0;1,944,950.71
sep-12;0;6,813.86;323,767.51;0;0;0;0;530,897.79;2,766.00;201,347.56;372,989.29;0;56,595.70;0;0;0;0;0;0;619,651.27;0;0;0;2,114,828.97
oct-12;0;2,242.12;378,149.37;0;0;0;0;162,208.43;0;374,301.51;600,094.03;0;33,639.00;0;0;0;0;0;0;463,054.77;0;0;0;2,013,689.23
nov-12;0;0;456,468.18;0;0;0;0;569,345.86;2,651.00;197,398.80;359,818.54;0;37,111.56;0;0;147,071.21;0;0;0;538,552.89;0;0;0;2,308,418.04
dic-12;0;0;273,182.16;0;0;0;0;152,926.76;95.2;287,980.58;419,029.17;0;43,950.37;0;0;149,085.15;0;0;0;1,324,780.96;0;0;0;2,651,030.35
ene-13;0;0;361,207.18;0;0;0;0;575,318.45;190.48;396,416.84;433,924.69;0;57,437.01;0;0;150,030.49;0;0;0;749,266.68;0;0;0;2,723,791.82
feb-13;0;0;325,080.10;0;0;0;0;142,772.81;1,047.62;235,502.58;470,483.98;0;55,641.80;0;0;168,305.17;0;0;0;709,843.02;0;0;0;2,108,677.08
mar-13;0;3,879.00;231,802.56;0;0;0;0;569,013.24;3,183.88;439,386.62;429,974.17;0;19,570.11;0;0;0;0;0;0;832,627.57;0;0;0;2,529,437.15
abr-13;0;0;337,655.21;0;0;0;0;508,649.45;0;274,680.65;430,259.18;0;50,291.42;0;0;0;0;0;0;860,094.78;0;0;0;2,461,630.69
may-13;0;0;331,393.56;0;0;0;0;181,461.60;797.62;281,823.20;532,379.66;0;73,024.85;0;0;180,944.23;0;0;0;1,202,187.85;0;0;0;2,784,012.56
jun-13;0;34,302.05;365,997.74;0;0;0;0;536,847.17;1,196.47;293,808.60;284,038.03;0;75,416.48;0;0;167,235.48;0;0;0;729,711.88;0;0;0;2,488,553.89
jul-13;0;0;113,165.55;0;0;0;0;352,909.02;795.59;259,025.83;486,075.06;0;60,089.40;0;0;0;0;0;0;693,160.50;0;0;0;1,965,220.95
ago-13;0;0;405,352.22;0;0;0;0;359,346.00;3,677.00;221,433.20;347,066.11;0;58,972.06;0;0;146,366.33;0;0;0;505,133.44;0;0;0;2,047,346.36
sep-13;0;305;172,130.08;0;0;0;0;394,985.89;0;300,794.99;373,303.31;0;83,693.28;0;0;172,152.59;0;0;0;803,626.98;0;0;0;2,300,992.12
oct-13;0;889;171,722.79;0;0;0;0;415,869.34;3,626.98;281,168.85;372,946.33;0;133,623.60;0;0;0;0;0;0;980,327.98;0;0;0;2,360,174.87
nov-13;0;152;202,139.43;0;0;0;0;425,669.24;797.21;390,941.15;496,029.72;0;5,319.12;0;0;169,752.50;0;0;0;903,218.47;0;0;0;2,594,018.83
dic-13;0;152;150,330.46;0;0;0;0;452,414.08;0;210,096.78;358,799.64;0;98,883.10;0;0;0;0;0;0;791,698.89;0;0;0;2,062,374.95
ene-14;0;2,238.00;117,010.52;0;0;0;0;371,888.73;1,465.00;487,880.79;457,365.46;0;109,091.19;0;0;149,806.14;0;0;0;1,595,698.56;0;0;0;3,292,444.39
feb-14;0;6,093.80;116,368.88;0;0;0;0;336,845.19;0;312,423.86;455,726.06;0;80,162.42;0;0;0;0;0;0;688,703.18;0;0;0;1,996,323.39
mar-14;0;639;407,270.41;0;0;0;0;358,755.83;3,392.28;472,437.63;582,572.93;0;46,120.40;0;0;330,016.67;0;0;0;1,147,182.50;0;0;0;3,348,387.65
abr-14;0;2,349.70;332,419.30;0;0;0;0;466,766.95;1,570.10;207,049.00;270,302.22;0;72,947.78;0;0;6,993.03;0;0;0;845,051.33;0;0;0;2,205,449.41
may-14;0;2,000.03;246,105.20;0;0;0;0;554,784.32;4,644.98;417,767.24;563,319.79;0;175,257.51;0;0;327,251.71;0;0;0;1,008,148.07;0;0;0;3,299,278.85
jun-14;0;5,469.60;286,478.99;0;0;0;0;359,135.62;0;247,114.99;404,603.55;0;67,873.76;0;0;0;0;0;0;694,920.68;0;0;0;2,065,597.19
jul-14;0;3,399.70;167,316.42;0;0;0;0;417,570.34;0;454,196.13;558,403.41;0;66,309.97;0;0;0;0;0;0;845,875.86;0;0;0;2,513,071.83
ago-14;0;1,736.40;477,014.48;0;0;0;0;416,068.30;356.6;305,285.53;398,563.48;0;170,401.29;0;0;151,264.47;0;0;0;760,353.37;0;0;0;2,681,043.91
sep-14;0;2,799.10;368,203.04;0;0;0;0;408,998.93;358.6;378,741.56;547,486.22;0;13,079.90;0;0;0;0;0;0;598,145.89;0;0;0;2,317,813.24
oct-14;0;3,367.86;230,129.08;0;0;0;0;314,868.89;4,466.90;256,340.49;379,572.07;0;20,828.70;0;0;161,718.04;0;0;0;762,763.24;0;0;0;2,134,055.27
nov-14;0;4,294.61;243,197.44;0;0;0;0;487,343.72;0;372,809.93;533,524.40;0;79,078.42;0;0;0;0;0;0;1,033,873.16;0;0;0;2,754,121.68
dic-14;0;48,364.50;91,348.40;0;0;0;0;380,185.96;27,979.07;491,072.11;583,081.57;0;124,619.87;0;0;152,365.73;0;0;0;1,004,032.65;0;0;0;2,903,049.86
ene-15;0;142.9;245,584.89;0;0;0;0;523,352.31;0;371,420.59;471,973.30;0;19,111.30;0;0;148,594.27;0;0;0;1,324,421.96;0;0;0;3,104,601.52
feb-15;0;3,349.05;162,224.95;0;0;0;0;421,268.22;0;548,714.53;664,315.85;0;170,853.82;0;0;0;0;0;0;955,286.02;0;0;0;2,926,012.44
mar-15;0;8,319.11;280,843.31;0;0;0;0;497,168.60;0;453,536.19;622,883.10;0;90,955.77;0;0;164,423.33;0;0;0;1,164,885.97;0;0;0;3,283,015.37
abr-15;0;15,358.33;304,405.66;0;0;0;0;519,603.84;0;537,064.59;599,558.55;0;108,382.50;0;0;0;0;0;0;1,130,870.79;0;0;0;3,215,244.26
may-15;0;33,380.56;375,606.55;0;0;0;0;415,890.34;0;534,049.28;618,319.21;0;58,745.67;0;0;163,409.40;0;0;0;954,782.75;0;0;0;3,154,183.76
jun-15;0;10,275.34;336,491.48;0;0;0;0;526,358.48;0;394,824.33;525,280.85;0;100,499.13;0;0;162,807.81;0;0;0;862,071.77;0;0;0;2,918,609.19
jul-15;0;2,723.80;235,587.32;0;0;0;0;411,971.43;0;519,374.15;616,269.01;0;123,496.73;0;0;0;0;0;0;1,149,630.43;0;0;0;3,059,052.87
ago-15;0;3,047.60;348,192.53;0;0;0;0;561,563.81;0;328,552.07;467,373.13;0;119,764.65;0;0;165,284.13;0;0;0;919,285.90;0;0;0;2,913,063.82
sep-15;0;74.88;513,707.26;0;0;0;0;480,268.89;0;485,906.49;576,250.29;0;147,445.06;0;0;0;0;0;0;754,068.77;0;0;0;2,957,721.64
oct-15;0;571.4;250,054.86;0;0;0;0;423,239.36;11,536.58;432,666.75;533,620.64;0;135,724.25;0;0;148,515.29;0;0;0;1,163,425.95;0;0;0;3,099,355.08
nov-15;0;11,175.83;263,741.40;0;0;0;0;637,316.48;0;574,547.76;724,273.97;0;184,093.93;0;0;0;0;0;0;904,700.42;0;0;0;3,299,849.79
dic-15;0;640.37;208,710.54;0;0;0;0;500,684.29;0;319,329.71;498,798.79;0;116,266.75;0;0;148,507.37;0;0;0;1,113,876.28;0;0;0;2,906,814.10
ene-16;0;27,449.20;178,437.60;0;104,377.60;0;0;748,970.64;0;546,876.54;729,211.43;0;16,000.00;0;0;162,512.74;0;0;0;987,507.78;0;0;0;3,501,343.52
feb-16;0;0;370,085.96;0;117,800.10;0;0;287,337.74;0;424,074.81;405,559.45;0;24,900.00;0;0;0;0;0;0;1,167,227.96;0;0;0;2,796,986.02
mar-16;0;2,716.52;264,193.10;0;111,203.62;0;0;504,451.07;25,081.90;508,542.18;771,024.11;0;13,000.00;0;0;181,497.47;0;0;0;1,498,844.95;0;0;0;3,880,554.92
abr-16;0;4,428.60;269,518.34;0;59,681.73;0;0;587,482.69;0;527,083.64;502,728.88;0;16,000.00;0;0;161,331.89;0;0;0;1,137,213.10;0;0;0;3,265,468.87
may-16;0;1,714.30;495,459.41;0;97,343.58;0;0;416,912.47;0;528,347.81;615,900.31;0;19,000.00;0;0;0;0;0;0;1,035,544.08;0;0;0;3,210,221.96
jun-16;0;2,142.90;400,963.62;0;81,862.33;0;0;703,319.23;0;397,477.40;502,082.45;0;16,000.00;0;0;0;0;0;0;800,222.53;0;0;0;2,904,070.46
jul-16;0;0;127,905.46;0;108,804.20;0;0;455,823.14;0;526,652.73;618,366.10;0;22,000.00;0;0;181,500.00;0;0;0;859,222.62;0;0;0;2,900,274.25
ago-16;0;428.6;246,976.30;0;147,462.11;0;0;588,310.54;285;512,202.57;625,218.90;0;20,000.00;0;0;181,492.85;0;0;0;701,185.75;0;0;0;3,023,562.62
sep-16;0;1,571.40;188,931.32;0;94,858.75;0;0;306,543.41;0;567,786.57;677,892.97;0;17,000.00;0;0;0;0;0;0;1,274,128.31;0;0;0;3,128,712.73
oct-16;0;1,428.60;62,511.80;0;81,839.62;0;0;717,388.57;0;455,850.76;546,154.65;0;26,173.00;0;0;0;0;0;0;927,923.50;0;0;0;2,819,270.50
nov-16;0;4,142.90;304,552.31;0;95,032.90;0;0;505,975.98;6,444.20;476,784.16;725,548.16;0;13,197.00;0;0;165,005.50;0;0;0;957,656.05;0;0;0;3,254,339.16
dic-16;0;3,857.00;306,550.77;0;158,719.36;0;0;584,807.19;0;473,659.59;526,573.96;0;31,039.20;0;0;160,560.68;0;0;0;1,303,735.78;0;0;0;3,549,503.52
ene-17;0;3,190.00;213,661.50;0;33,917.24;0;0;567,345.82;0;527,564.90;748,233.58;0;0;0;0;0;0;0;72.29;842,993.49;0;0;0;2,936,978.82
feb-17;0;714.3;72,649.78;0;152,952.20;0;0;279,527.23;21,844.81;469,140.06;497,707.41;0;1,040.00;0;0;0;0;0;0;844,676.98;0;0;0;2,340,252.77
mar-17;0;3,142.90;376,955.72;0;75,312.22;0;0;780,048.59;3,505.27;608,144.98;734,984.24;0;0;0;0;388,055.94;0;0;72.29;1,351,787.92;0;0;0;4,322,010.07
abr-17;0;1,285.71;106,518.75;0;154,934.13;0;0;530,578.14;508.27;681,303.11;632,843.41;0;0;0;0;404,822.98;0;0;72.29;1,406,022.43;0;0;0;3,918,889.22
may-17;0;1,285.71;160,374.50;0;105,375.23;0;0;604,702.55;3,193.64;386,088.18;442,311.09;0;0;0;0;0;0;0;72.29;889,926.86;0;0;0;2,593,330.05
jun-17;0;1,428.57;191,218.23;0;48,933.84;0;0;487,244.19;367.94;519,389.66;582,374.34;0;0;0;0;182,141.85;0;0;72.29;902,659.00;0;0;0;2,915,829.91
jul-17;0;1,857.14;85,356.63;0;54,997.21;0;0;510,428.14;0;433,026.08;769,214.06;0;0;0;0;0;0;0;0;994,338.30;0;0;0;2,849,217.56
ago-17;0;3,269.86;44,448.27;0;76,542.18;0;0;538,582.14;666.23;592,103.31;607,368.72;0;0;0;0;583,079.69;0;0;144.57;846,696.35;0;0;0;3,292,901.32
sep-17;0;3,857.14;218,358.99;0;125,724.44;0;0;350,294.57;0;316,435.22;401,678.98;0;0;0;0;0;0;0;72.29;925,397.87;0;0;0;2,341,819.50
oct-17;0;5,286.19;219,812.14;0;132,304.57;0;0;584,709.61;6,925.95;574,073.61;657,241.76;0;0;0;0;167,584.01;0;0;0;740,198.57;0;0;0;3,088,136.41
nov-17;0;10,880.53;127,575.05;0;24,435.17;0;0;935,986.51;0;434,963.36;504,247.31;0;0;0;0;0;0;0;72.29;1,135,350.10;0;0;0;3,173,510.32
dic-17;0;3,150.02;56,960.00;0;80,037.74;0;0;595,421.43;4,729.14;679,441.47;803,216.88;0;0;0;0;155,599.02;0;0;72.29;1,305,047.55;0;0;0;3,683,675.54
ene-18;0;5,302.14;134,033.14;0;92,894.94;1,153,831.89;21,987.53;396,363.05;0;571,858.06;535,784.70;0;0;0;0;0;0;0;78.78;0;0;0;0;2,912,134.23
feb-18;0;3,721.91;85,318.21;0;52,337.76;921,684.12;29,946.48;591,000.02;0;509,366.10;629,467.91;0;0;0;0;407,070.30;0;0;0.37;0;0;0;0;3,229,913.18
mar-18;0;6,182.35;84,988.82;0;23,906.14;889,227.10;12,064.95;644,245.40;15,747.16;563,899.06;529,507.15;0;0;0;0;418,762.45;0;0;74.03;0;0;0;0;3,188,604.61
abr-18;0;1,877.72;219,805.45;0;70,906.87;696,962.77;0;188,590.81;0;510,830.00;617,512.28;0;0;0;0;0;0;0;72.29;0;0;0;0;2,306,558.19
may-18;0;4,300.00;111,460.41;0;72,992.51;1,592,580.34;38,055.30;636,234.13;0;580,825.11;580,329.35;0;0;0;0;327,075.21;0;0;6.96;0;0;0;0;3,943,859.32
jun-18;0;6,413.00;130,426.60;0;34,249.65;777,679.91;0;618,811.33;21,208.26;463,620.61;558,257.59;0;1,000.00;0;0;0;0;0;144.57;0;0;0;0;2,611,811.52
jul-18;0;8,518.71;148,012.12;0;40,811.00;793,683.41;0;584,386.15;4,005.99;543,333.77;784,601.77;0;0;0;0;385,600.49;0;0;5.84;0;0;0;0;3,292,959.25
ago-18;0;3,434.71;214,625.41;0;81,985.47;1,281,364.78;0;408,658.63;20,437.54;663,834.04;541,557.34;0;0;0;0;0;0;0;74.63;0;0;0;0;3,215,972.55
sep-18;0;4,473.29;26,753.84;0;94,980.04;896,266.43;0;449,846.76;18,379.30;454,442.87;536,897.09;0;0;0;0;406,985.43;0;0;0;0;0;0;0;2,889,025.05
oct-18;0;4,285.71;150,085.74;0;55,219.75;992,682.04;6,049.00;600,230.45;2,395.30;726,044.35;663,440.34;0;0;0;0;418,296.61;0;0;74.94;0;0;0;0;3,618,804.23
nov-18;0;2,584.71;65,312.15;0;52,310.24;899,588.34;39,035.84;598,626.16;0;534,084.49;509,382.86;0;0;0;0;244,787.00;0;0;73.85;0;0;0;0;2,945,785.64
dic-18;0;2,588.13;84,669.38;0;87,868.41;792,198.66;0;614,887.00;0;535,639.97;631,652.56;0;0;0;0;438,155.24;0;0;83.27;0;0;0;0;3,187,742.62
ene-19;16,541.30;3,058.43;196,719.10;334;59,152.84;1,195,728.20;0;414,086.12;15,399.57;702,923.37;684,504.84;585.91;0;475.49;350.92;208,276.69;0;7,282.59;0.41;0;0;0;0;3,505,419.78
feb-19;21,619.99;8,794.74;100,485.14;307.6;101,570.62;1,208,476.16;0;460,518.80;1,801.96;469,437.28;521,555.38;545.97;0;1,911.93;342.55;279,583.39;0;11,978.35;144.57;0;0;0;0;3,189,074.42
mar-19;17,980.15;10,715.12;109,888.23;426.69;118,678.80;1,550,052.84;0;384,425.56;0;678,145.38;704,276.53;996.49;0;2,170.21;0;256,490.00;0;4,717.69;80.58;0;0;0;0;3,839,044.27
abr-19;17,450.33;3,114.36;280,702.33;512.67;76,765.06;1,215,209.05;39,866.57;670,633.92;14,371.63;867,761.34;656,495.95;477.01;0;1,944.32;0;276,252.72;0;5,112.74;147.59;0;0;0;0;4,126,817.59
may-19;22,195.29;6,650.62;103,315.20;171.98;59,987.32;1,011,872.87;0;623,466.22;0;596,798.22;568,128.41;489.43;0;2,658.48;0;485,520.18;0;6,263.91;82.01;0;0;0;0;3,487,600.14
jun-19;22,041.50;4,484.73;346,048.30;507.79;68,548.57;1,029,100.90;0;612,732.27;13,290.50;712,731.80;629,788.43;225.87;0;0;0;256,057.52;0;9,967.36;0;0;0;0;0;3,705,525.54
jul-19;20,059.59;19,590.13;13,652.90;202.29;63,368.64;1,056,569.11;0;667,486.78;0;531,577.64;516,273.85;117.68;0;3,134.83;0;0;0;9,079.17;75.79;0;0;0;0;2,901,188.41
ago-19;19,268.71;9,374.15;141,908.64;404.4;75,962.03;1,167,556.89;0;586,430.65;0;896,841.31;713,859.98;176.82;0;952.38;0;0;0;3,968.23;7.34;0;0;0;0;3,616,711.53
sep-19;17,011.47;5,473.85;108,983.70;557.9;58,060.40;717,490.02;7,551.05;850,778.21;0;518,043.68;491,194.71;348.21;0;166.67;340.1;212,326.74;0;8,867.90;79.33;0;0;0;0;2,997,273.94
oct-19;19,109.12;10,751.21;95,514.49;107.93;43,064.61;1,160,570.85;35,005.92;225,207.04;0;712,672.38;691,407.73;115.83;0;2,499.43;0;525,400.00;0;7,671.02;1.09;0;0;0;0;3,529,098.65
nov-19;16,108.61;6,971.48;84,414.64;427.5;56,475.66;1,122,990.69;0;610,868.12;2,070.48;791,039.02;658,706.42;320.44;0;2,579.15;0;0;0;13,551.90;149.09;0;0;0;0;3,366,673.20
dic-19;27,097.05;5,682.60;164,276.76;434.83;39,148.46;1,098,972.39;0;600,003.85;0;731,012.24;797,580.75;313.8;39,972.88;2,899.75;0;245,057.00;0;7,373.88;13.01;0;0;0;0;3,759,839.25
ene-20;19,015.04;4,205.43;8,484.76;596.33;64,745.40;999,181.20;34,013.75;715,600.32;0;629,414.90;573,220.63;721.04;0;1,647.63;0;0;0;9,005.37;148.95;0;0;0;0;3,060,000.75
feb-20;21,047.21;5,960.00;158,888.73;237.16;71,115.46;1,237,018.37;12,300.92;451,331.70;23,690.30;741,509.07;611,314.13;177.68;0;2,607.12;0;849,463.41;0;8,881.49;0;0;0;0;0;4,195,542.75
mar-20;22,930.96;3,351.04;262,105.89;920.12;116,115.40;1,367,335.14;1,991.32;643,278.89;0;735,491.29;809,640.18;590.64;0;1,267.79;0;249,651.49;0;10,977.78;0;0;0;0;0;4,225,647.93
abr-20;21,591.95;2,443.86;195,126.19;756.32;0;834,366.52;0;510,349.93;288.62;329,134.18;453,153.09;363.63;0;0;0;0;0;6,952.78;144.57;0;0;0;0;2,354,671.64
may-20;16,064.15;5,300.00;77,729.35;396.85;0;691,066.44;2,997.10;616,381.45;0;415,805.82;170,292.50;507.39;0;0;0;231,418.00;0;6,147.08;72.29;0;0;0;0;2,234,178.42
jun-20;15,086.16;5,451.00;126,935.72;280.4;18,372.88;1,066,148.05;48,945.91;467,664.76;0;683,322.72;415,672.19;364.94;0;0;259.99;241,228.00;0;9,716.36;0;0;0;0;0;3,099,449.08
jul-20;24,023.78;4,142.86;95,456.23;0;29,742.42;779,930.57;0;675,337.54;0;451,717.75;347,541.59;311.23;0;0;247.67;602,780.29;0;7,703.40;72.29;0;0;0;0;3,019,007.62
ago-20;18,020.13;3,118.87;60,562.44;524.4;46,730.75;791,258.19;7,998.76;634,320.07;0;547,899.55;414,416.34;393.75;0;0;1.14;0;0;4,201.86;72.29;0;0;0;0;2,529,518.54
sep-20;18,803.77;579.76;28,529.93;0;0;1,021,360.83;0;315,527.09;2,261.75;591,799.83;563,742.50;329.23;0;356.4;0;351,581.75;0;19,486.30;72.29;0;0;0;0;2,914,431.43
oct-20;25,940.04;4,594.86;170,477.00;519.98;22,389.55;891,340.69;0;960,840.53;0;861,840.54;733,692.01;369.36;0;0;0.38;0;0;6,118.08;72.86;0;0;0;0;3,678,195.88
nov-20;24,172.72;2,720.06;160,324.99;339;26,211.17;1,152,909.51;44,596.07;328,603.13;708.35;696,600.14;570,262.17;388.25;0;933.81;60;357,873.68;0;24,501.43;0;0;0;0;0;3,391,204.48
dic-20;24,292.17;4,862.74;105,609.42;287.36;36,051.00;1,050,560.83;0;684,160.08;176.69;780,347.28;777,450.55;668.76;0;1,116.47;7.67;281,577.99;0;10,024.51;144.57;0;0;0;0;3,757,338.09
ene-21;32,297.51;2,857.14;74,116.04;158.88;34,039.29;1,185,644.96;1,499.38;475,619.49;0;626,537.48;642,652.37;559.25;0;285.71;0;360,218.54;0;13,170.43;0;0;0;0;0;3,449,656.47
feb-21;25,775.47;2,944.55;90,475.23;597.3;36,199.22;1,076,824.67;1,203.34;617,783.16;0;715,261.34;726,508.78;469.36;0;1,941.72;2.85;0;0;14,072.44;0;0;0;0;0;3,310,059.43
mar-21;39,423.46;2,766.58;219,041.83;329.9;44,504.81;1,345,110.18;13,415.05;549,815.26;22,193.67;772,750.01;850,334.64;512.05;0;1,543.65;48;232,451.50;0;3,701.67;0;0;0;0;0;4,097,942.26
abr-21;34,386.10;2,373.03;134,271.99;331.4;60,378.83;1,250,171.58;39,568.59;664,443.94;0;634,408.89;1,227,173.53;944.87;0;1,008.98;0;0;191;18,400.35;0;0;0;0;0;4,068,053.08
may-21;46,934.14;4,002.38;70,289.08;907.08;34,196.00;1,279,017.24;0;678,501.06;0;669,085.78;649,783.14;278.79;0;1,689.58;3.4;554,574.24;0;22,306.42;0;0;0;0;0;4,011,568.33
jun-21;29,240.60;2,746.31;222,211.83;418;72,527.45;1,440,106.47;1,489.69;466,658.55;0;833,544.64;623,695.20;407.59;0;1,762.73;1.56;0;937.08;4,781.62;0;0;0;0;0;3,700,529.32
jul-21;35,080.77;3,825.70;37,527.59;474.4;53,322.76;1,110,409.53;23,256.67;665,263.10;0;833,732.31;689,717.29;204.15;0;1,315.27;0;274,703.81;1,801.91;14,357.33;0;0;0;0;0;3,744,992.59
ago-21;28,578.20;2,714.29;105,776.21;59;47,443.21;1,175,960.64;1,888.95;746,002.48;3,390.96;664,522.74;685,977.45;236.64;0;1,237.75;0;585,160.46;0;7,124.19;0;0;0;0;0;4,056,073.17
sep-21;25,507.27;2,285.90;107,267.84;243.6;38,914.43;896,539.24;0;689,829.47;0;844,430.03;646,233.31;342.49;0;1,669.70;28;215,709.34;0;1,993.73;0;0;0;0;0;3,470,994.35
oct-21;21,800.64;5,087.46;160,474.20;764.35;93,077.24;1,542,473.57;41,348.99;696,346.90;0;522,701.11;589,405.56;229.98;0;2,395.35;1.51;259,087.00;0;5,945.58;0;0;0;0;0;3,941,139.44
nov-21;27,112.87;5,428.57;70,030.27;310.23;39,207.43;1,029,780.80;0;524,186.50;1,731.86;692,267.31;623,392.63;340.01;0;887.73;162.26;263,869.47;0;21,329.70;0;0;0;0;0;3,300,037.64
dic-21;25,260.10;4,503.81;208,358.64;279.14;80,357.56;1,294,042.31;0;679,415.09;0;785,313.56;640,981.15;266.64;0;2,212.32;1.04;264,644.14;0;18,835.04;0;0;0;0;0;4,004,470.54
ene-22;23,369.81;3,714.29;88,967.71;429.11;45,177.60;1,438,571.28;4,000.00;657,185.74;24,251.44;848,902.97;947,226.27;6,903.32;0;2,669.51;1.59;579,700.89;1,014.29;799.03;0;0;0;0;0;4,672,884.85
feb-22;30,737.35;5,046.42;75,860.50;690.84;49,143.86;1,217,495.31;0;673,218.30;0;723,925.74;673,653.80;1,611.78;0;1,836.51;0.07;524,685.89;1,005.96;13,256.25;0;0;0;0;0;3,992,168.58
mar-22;30,889.18;5,247.62;166,928.38;255.31;101,583.78;1,246,975.12;15,098.98;713,553.44;1,845.88;772,406.10;592,318.21;9,837.36;0;3,969.56;360.06;882,244.12;4,115.91;4,104.41;0;0;0;0;0;4,551,733.41
abr-22;29,981.76;2,333.68;307,291.31;412.19;56,182.73;1,284,453.73;4,034.55;693,964.40;0;906,104.05;493,958.32;5,125.91;0;2,433.83;414.41;527,111.79;0;1,454.76;0;0;0;0;0;4,315,257.42
may-22;35,466.49;5,298.67;73,435.94;403.17;62,999.86;1,306,786.77;9,040.11;667,272.19;0;762,776.12;663,348.94;8,044.94;0;1,417.46;513.83;245,972.00;0;13,787.34;0;0;0;0;0;3,856,563.83
jun-22;34,937.44;5,571.42;196,263.91;395.85;99,190.10;1,032,070.53;24,651.72;265,773.77;0;641,348.46;556,311.96;1,734.67;0;2,124.98;0.5;527,653.40;828.7;6,741.23;0;0;0;0;0;3,395,598.64
jul-22;27,423.74;5,231.10;86,469.36;286;55,357.83;1,116,548.97;25,727.21;717,652.72;1,301.96;987,872.05;611,115.01;4,282.76;0;2,724.66;256.92;0;1,604.92;10,938.76;0;0;0;0;0;3,654,793.97
ago-22;28,517.52;7,714.29;83,286.94;25.71;84,499.18;1,299,910.96;0;735,253.72;13,624.43;657,942.72;378,627.69;3,960.93;0;2,319.45;0;872,599.58;2,090.11;11,961.93;0;0;0;0;0;4,182,335.16
sep-22;22,099.26;9,110.51;155,992.58;13.1;41,793.59;1,077,517.90;4,983.86;421,303.21;529.05;869,579.64;551,589.72;7,431.40;0;3,425.97;0;0;2,264.37;863.08;0;0;0;0;0;3,168,497.23
oct-22;22,298.63;5,157.50;57,422.20;510.38;95,299.93;980,527.08;11,260.59;717,849.25;0;718,920.20;529,832.42;5,039.05;0;2,665.57;1.26;771,601.46;1,255.96;11,141.07;0;0;0;0;0;3,930,782.55
nov-22;22,426.83;7,548.75;155,269.41;0;55,258.65;1,136,760.55;9,941.91;691,237.42;0;754,135.86;595,870.42;9,769.41;0;2,338.28;43.09;684,517.29;1,431.00;15,257.34;0;0;0;0;0;4,141,806.21
dic-22;23,211.02;8,157.14;223,806.31;13;60,626.66;1,082,107.64;9,888.12;671,444.61;2,335.55;841,323.98;602,458.30;8,196.94;0;2,710.39;380.64;275,120.84;0;1,843.78;0;0;0;0;0;3,813,624.91
ene-23;25,028.49;11,654.23;132,458.17;7.86;65,808.97;1,442,099.08;45,074.97;497,780.69;0;909,391.13;578,792.14;2,240.05;0;3,247.22;6.32;0;215;4,491.66;0;0;0;0;0;3,718,295.98
feb-23;23,565.09;16,542.56;123,451.93;152;154,166.84;1,267,967.39;0;652,984.71;24,776.42;725,101.20;685,183.06;288.59;0;2,439.59;248.44;870,158.29;212.9;21,630.09;0;0;0;0;0;4,568,869.10
mar-23;30,789.61;13,751.26;149,590.82;;66,515.19;1,317,519.91;4,985.21;711,978.35;0;803,262.67;633,849.05;497.5;0;4,212.34;330.59;249,231.00;1,474.00;12,599.78;0;0;0;0;0;4,000,587.28
abr-23;26,953.86;28,162.91;134,010.55;86.43;123,298.87;1,417,182.73;21,503.98;647,666.30;1,840.46;922,032.39;572,201.36;386.21;0;1,713.96;40;0;1,811.06;19,941.64;0;0;0;0;0;3,918,832.71
may-23;31,785.11;27,251.87;234,819.33;6;94,150.63;1,428,099.62;15,047.82;713,348.99;0;947,633.29;668,478.73;623.67;0;2,727.50;260.39;525,292.80;621;16,858.33;0;0;0;0;0;4,707,005.08
jun-23;23,463.06;24,002.61;328,622.59;84.53;71,657.93;1,278,824.18;0;285,817.78;353.12;831,466.44;639,685.80;452.32;0;2,389.65;40;260,737.00;403;6,274.03;0;0;0;0;0;3,754,274.04
jul-23;31,118.10;18,629.80;296,415.77;97.67;74,719.21;1,113,086.84;0;1,077,122.75;0;830,098.86;562,498.09;70.83;0;3,254.81;298.47;614,753.75;3,015.00;24,765.01;0;0;0;0;0;4,649,944.96
ago-23;29,629.50;8,705.86;172,072.23;137.81;81,075.68;1,075,379.76;5,059.90;274,973.63;0;801,621.75;669,240.21;477.65;0;1,993.96;390.82;534,677.81;0;14,962.51;0;0;0;0;0;3,670,399.08
sep-23;26,932.62;13,642.58;67,022.82;351.88;99,197.26;1,242,719.42;25,049.60;591,711.91;2,780.09;762,592.30;586,145.30;425.2;0;2,602.92;253.04;259,958.00;2,226.00;7,065.47;0;0;0;0;0;3,690,676.41
oct-23;25,719.44;7,680.11;115,876.52;55;52,257.83;834,686.02;5,027.17;673,581.15;7,202.70;928,439.18;652,149.45;10.14;0;2,438.05;40.19;395,893.00;632;15,084.52;0;0;0;0;0;3,716,772.47
nov-23;27,025.85;11,353.21;146,036.20;6.86;72,479.40;1,348,739.16;19,959.80;578,797.45;0;839,290.02;682,060.84;656.66;0;2,742.53;80.35;505,238.39;3,715.00;11,089.62;0;0;0;0;0;4,249,271.34
dic-23;26,971.61;9,898.92;325,555.62;13.31;104,724.64;1,509,634.28;22,953.87;692,182.03;2,777.45;763,754.27;571,924.92;202.91;0;1,600.66;0.12;596,212.63;3,190.00;21,033.99;0;0;0;0;0;4,652,631.23
ene-24;26,693.78;7,837.29;99,680.22;105.62;101,415.50;1,409,097.15;6,710.98;701,570.80;0;914,133.32;712,333.33;332.39;0;2,879.59;123.6;264,918.62;0;15,383.87;0;0;0;0;0;4,263,216.06
feb-24;21,374.61;5,313.11;143,951.95;95.09;87,352.10;1,236,861.75;4,639.33;916,541.70;5,978.37;740,662.25;650,360.11;280.11;0;3,041.20;80;534,021.57;2,057.00;24,524.03;0;0;0;0;0;4,377,134.28
mar-24;27,993.04;5,633.41;163,119.06;0;105,710.45;1,477,038.00;5,007.48;675,157.48;0;838,270.93;620,077.74;320.67;0;2,205.73;263.28;523,701.86;2,869.00;3,782.28;0;0;0;0;0;4,451,150.41
abr-24;37,444.60;7,990.99;77,253.65;33.52;85,752.17;1,294,706.12;35,135.35;473,940.66;3,351.23;886,132.77;687,017.96;1,094.83;0;2,980.98;40;0;7,802.00;23,555.38;0;0;0;0;0;3,624,232.21
may-24;32,532.63;10,483.78;544,682.15;91.83;94,606.00;1,470,870.09;0;684,864.46;4,970.88;939,656.18;696,970.30;212.24;0;2,678.22;242.22;518,800.00;3,845.00;14,929.21;0;0;0;0;0;5,020,435.19
jun-24;29,845.57;9,407.82;222,899.55;0;66,604.07;1,324,033.53;25,804.75;686,142.95;3,122.74;753,130.22;597,897.96;402.7;0;2,944.23;335.17;246,585.00;3,366.71;15,400.98;0;0;0;0;0;3,987,923.95
