FECHA;Tipo de Cambio;Superior;Regular;Diesel;Bunker;Glp Cilindro 25Lbs.;
01/ene/2021;7.79382; 21.91 ; 21.11 ; 17.61 ; 13.40 ; 99.00 ; 3.96 
02/ene/2021;7.79382; 21.91 ; 21.11 ; 17.61 ; 13.40 ; 99.00 ; 3.96 
03/ene/2021;7.79382; 21.91 ; 21.11 ; 17.61 ; 13.40 ; 99.00 ; 3.96 
04/ene/2021;7.79417; 21.91 ; 21.11 ; 17.61 ; 13.45 ; 99.00 ; 3.96 
05/ene/2021;7.79369; 21.91 ; 21.11 ; 17.61 ; 13.45 ; 99.00 ; 3.96 
06/ene/2021;7.79735; 21.91 ; 21.11 ; 17.61 ; 13.45 ; 99.00 ; 3.96 
07/ene/2021;7.79493; 21.91 ; 21.11 ; 17.61 ; 13.45 ; 99.00 ; 3.96 
08/ene/2021;7.80089; 21.91 ; 21.11 ; 17.61 ; 13.45 ; 99.00 ; 3.96 
09/ene/2021;7.80089; 21.91 ; 21.11 ; 17.61 ; 13.45 ; 99.00 ; 3.96 
10/ene/2021;7.80089; 21.91 ; 21.11 ; 17.61 ; 13.45 ; 99.00 ; 3.96 
11/ene/2021;7.79581; 22.39 ; 21.59 ; 17.69 ; 13.82 ; 99.00 ; 3.96 
12/ene/2021;7.79620; 22.39 ; 21.59 ; 17.69 ; 13.82 ; 99.00 ; 3.96 
13/ene/2021;7.79686; 22.39 ; 21.59 ; 17.69 ; 13.82 ; 101.67 ; 4.07 
14/ene/2021;7.79124; 22.39 ; 21.59 ; 17.69 ; 13.82 ; 101.67 ; 4.07 
15/ene/2021;7.78903; 22.39 ; 21.59 ; 17.69 ; 13.82 ; 101.67 ; 4.07 
16/ene/2021;7.78903; 22.39 ; 21.59 ; 17.69 ; 13.82 ; 107.00 ; 4.28 
17/ene/2021;7.78903; 22.39 ; 21.59 ; 17.69 ; 13.82 ; 107.00 ; 4.28 
18/ene/2021;7.78560; 23.21 ; 22.41 ; 18.30 ; 14.05 ; 107.00 ; 4.28 
19/ene/2021;7.79345; 23.21 ; 22.41 ; 18.30 ; 14.05 ; 107.00 ; 4.28 
20/ene/2021;7.78725; 23.21 ; 22.41 ; 18.30 ; 14.05 ; 110.00 ; 4.40 
21/ene/2021;7.78209; 23.21 ; 22.41 ; 18.30 ; 14.05 ; 110.00 ; 4.40 
22/ene/2021;7.78162; 23.21 ; 22.41 ; 18.30 ; 14.05 ; 110.00 ; 4.40 
23/ene/2021;7.78162; 23.21 ; 22.41 ; 18.30 ; 14.05 ; 116.00 ; 4.64 
24/ene/2021;7.78162; 23.21 ; 22.41 ; 18.30 ; 14.05 ; 116.00 ; 4.64 
25/ene/2021;7.78124; 23.44 ; 22.64 ; 18.47 ; 14.05 ; 116.00 ; 4.64 
26/ene/2021;7.77958; 23.44 ; 22.64 ; 18.47 ; 14.05 ; 116.00 ; 4.64 
27/ene/2021;7.78483; 23.44 ; 22.64 ; 18.47 ; 14.05 ; 116.00 ; 4.64 
28/ene/2021;7.78262; 23.44 ; 22.64 ; 18.47 ; 14.05 ; 116.00 ; 4.64 
29/ene/2021;7.78638; 23.44 ; 22.64 ; 18.47 ; 14.05 ; 116.00 ; 4.64 
30/ene/2021;7.78638; 23.44 ; 22.64 ; 18.47 ; 14.05 ; 116.00 ; 4.64 
31/ene/2021;7.78638; 23.44 ; 22.64 ; 18.47 ; 14.05 ; 116.00 ; 4.64 
01/feb/2021;7.78003; 23.57 ; 22.77 ; 18.57 ; 13.95 ; 116.00 ; 4.64 
02/feb/2021;7.77836; 23.57 ; 22.77 ; 18.57 ; 13.95 ; 116.00 ; 4.64 
03/feb/2021;7.77857; 23.57 ; 22.77 ; 18.57 ; 13.95 ; 116.00 ; 4.64 
04/feb/2021;7.77652; 23.57 ; 22.77 ; 18.57 ; 13.95 ; 116.00 ; 4.64 
05/feb/2021;7.76627; 23.57 ; 22.77 ; 18.57 ; 13.95 ; 116.00 ; 4.64 
06/feb/2021;7.76627; 23.57 ; 22.77 ; 18.57 ; 13.95 ; 116.00 ; 4.64 
07/feb/2021;7.76627; 23.57 ; 22.77 ; 18.57 ; 13.95 ; 116.00 ; 4.64 
08/feb/2021;7.76611; 23.98 ; 23.18 ; 18.98 ; 14.25 ; 116.00 ; 4.64 
09/feb/2021;7.76291; 23.98 ; 23.18 ; 18.98 ; 14.25 ; 116.00 ; 4.64 
10/feb/2021;7.75873; 23.98 ; 23.18 ; 18.98 ; 14.25 ; 116.00 ; 4.64 
11/feb/2021;7.75519; 23.98 ; 23.18 ; 18.98 ; 14.25 ; 116.00 ; 4.64 
12/feb/2021;7.75002; 23.98 ; 23.18 ; 18.98 ; 14.25 ; 116.00 ; 4.64 
13/feb/2021;7.75002; 23.98 ; 23.18 ; 18.98 ; 14.25 ; 116.00 ; 4.64 
14/feb/2021;7.75002; 23.98 ; 23.18 ; 18.98 ; 14.25 ; 116.00 ; 4.64 
15/feb/2021;7.74667; 24.39 ; 23.59 ; 19.79 ; 14.40 ; 116.00 ; 4.64 
16/feb/2021;7.74640; 24.39 ; 23.59 ; 19.79 ; 14.40 ; 116.00 ; 4.64 
17/feb/2021;7.74185; 24.39 ; 23.59 ; 19.79 ; 14.40 ; 116.00 ; 4.64 
18/feb/2021;7.73698; 24.39 ; 23.59 ; 19.79 ; 14.99 ; 116.00 ; 4.64 
19/feb/2021;7.73197; 24.39 ; 23.59 ; 19.79 ; 14.99 ; 116.00 ; 4.64 
20/feb/2021;7.73197; 24.39 ; 23.59 ; 19.79 ; 14.99 ; 116.00 ; 4.64 
21/feb/2021;7.73197; 24.39 ; 23.59 ; 19.79 ; 14.99 ; 116.00 ; 4.64 
22/feb/2021;7.71868; 25.10 ; 24.30 ; 20.50 ; 14.99 ; 116.00 ; 4.64 
23/feb/2021;7.72021; 25.10 ; 24.30 ; 20.50 ; 14.99 ; 116.00 ; 4.64 
24/feb/2021;7.71568; 25.10 ; 24.30 ; 20.50 ; 14.99 ; 116.00 ; 4.64 
25/feb/2021;7.71480; 25.10 ; 24.30 ; 20.50 ; 14.99 ; 116.00 ; 4.64 
26/feb/2021;7.70922; 25.10 ; 24.30 ; 20.50 ; 14.99 ; 116.00 ; 4.64 
27/feb/2021;7.70922; 25.10 ; 24.30 ; 20.50 ; 14.99 ; 116.00 ; 4.64 
28/feb/2021;7.70922; 25.10 ; 24.30 ; 20.50 ; 14.99 ; 116.00 ; 4.64 
01/mar/2021;7.70606; 25.85 ; 25.05 ; 20.86 ; 15.54 ; 116.00 ; 4.64 
02/mar/2021;7.70271; 25.85 ; 25.05 ; 20.86 ; 15.54 ; 116.00 ; 4.64 
03/mar/2021;7.70784; 25.85 ; 25.05 ; 20.86 ; 15.54 ; 116.00 ; 4.64 
04/mar/2021;7.71007; 25.85 ; 25.05 ; 20.86 ; 15.54 ; 116.00 ; 4.64 
05/mar/2021;7.71553; 25.85 ; 25.05 ; 20.86 ; 15.54 ; 116.00 ; 4.64 
06/mar/2021;7.71553; 25.85 ; 25.05 ; 20.86 ; 15.54 ; 116.00 ; 4.64 
07/mar/2021;7.71553; 25.85 ; 25.05 ; 20.86 ; 15.54 ; 116.00 ; 4.64 
08/mar/2021;7.71276; 26.60 ; 25.81 ; 21.31 ; 15.79 ; 116.00 ; 4.64 
09/mar/2021;7.71698; 26.60 ; 25.81 ; 21.31 ; 15.79 ; 116.00 ; 4.64 
10/mar/2021;7.73021; 26.60 ; 25.81 ; 21.31 ; 15.79 ; 116.00 ; 4.64 
11/mar/2021;7.72378; 26.60 ; 25.81 ; 21.31 ; 15.79 ; 118.00 ; 4.72 
12/mar/2021;7.73057; 26.60 ; 25.81 ; 21.31 ; 15.79 ; 120.00 ; 4.80 
13/mar/2021;7.73057; 26.60 ; 25.81 ; 21.31 ; 15.79 ; 120.00 ; 4.80 
14/mar/2021;7.73057; 26.60 ; 25.81 ; 21.31 ; 15.79 ; 120.00 ; 4.80 
15/mar/2021;7.72429; 27.27 ; 26.47 ; 21.68 ; 15.79 ; 120.00 ; 4.80 
16/mar/2021;7.72084; 27.27 ; 26.47 ; 21.68 ; 15.79 ; 120.00 ; 4.80 
17/mar/2021;7.72462; 27.27 ; 26.47 ; 21.68 ; 15.79 ; 120.00 ; 4.80 
18/mar/2021;7.72059; 27.27 ; 26.47 ; 21.68 ; 15.79 ; 120.00 ; 4.80 
19/mar/2021;7.72156; 27.27 ; 26.47 ; 21.68 ; 15.79 ; 120.00 ; 4.80 
20/mar/2021;7.72156; 27.27 ; 26.47 ; 21.68 ; 15.79 ; 120.00 ; 4.80 
21/mar/2021;7.72156; 27.27 ; 26.47 ; 21.68 ; 15.79 ; 120.00 ; 4.80 
22/mar/2021;7.72274; 27.02 ; 26.22 ; 21.41 ; 15.79 ; 120.00 ; 4.80 
23/mar/2021;7.72002; 27.02 ; 26.22 ; 21.41 ; 15.79 ; 120.00 ; 4.80 
24/mar/2021;7.72758; 27.02 ; 26.22 ; 21.41 ; 15.79 ; 120.00 ; 4.80 
25/mar/2021;7.72719; 27.02 ; 26.22 ; 21.41 ; 15.79 ; 120.00 ; 4.80 
26/mar/2021;7.72379; 27.02 ; 26.22 ; 21.41 ; 15.79 ; 120.00 ; 4.80 
27/mar/2021;7.72379; 27.02 ; 26.22 ; 21.41 ; 15.79 ; 120.00 ; 4.80 
28/mar/2021;7.72379; 27.02 ; 26.22 ; 21.41 ; 15.79 ; 120.00 ; 4.80 
29/mar/2021;7.72267; 26.35 ; 25.56 ; 20.80 ; 15.59 ; 120.00 ; 4.80 
30/mar/2021;7.71990; 26.35 ; 25.56 ; 20.80 ; 15.59 ; 120.00 ; 4.80 
31/mar/2021;7.71498; 26.35 ; 25.56 ; 20.80 ; 15.59 ; 120.00 ; 4.80 
01/abr/2021;7.71498; 26.35 ; 25.56 ; 20.80 ; 15.59 ; 120.00 ; 4.80 
02/abr/2021;7.71498; 26.35 ; 25.56 ; 20.80 ; 15.59 ; 120.00 ; 4.80 
03/abr/2021;7.71498; 26.35 ; 25.56 ; 20.80 ; 15.59 ; 120.00 ; 4.80 
04/abr/2021;7.71498; 26.35 ; 25.56 ; 20.80 ; 15.59 ; 120.00 ; 4.80 
05/abr/2021;7.71790; 26.45 ; 25.66 ; 20.71 ; 15.59 ; 120.00 ; 4.80 
06/abr/2021;7.72277; 26.45 ; 25.66 ; 20.71 ; 15.59 ; 120.00 ; 4.80 
07/abr/2021;7.71815; 26.45 ; 25.66 ; 20.71 ; 15.59 ; 120.00 ; 4.80 
08/abr/2021;7.71725; 26.45 ; 25.66 ; 20.71 ; 15.59 ; 120.00 ; 4.80 
09/abr/2021;7.72209; 26.45 ; 25.66 ; 20.71 ; 15.59 ; 120.00 ; 4.80 
10/abr/2021;7.72209; 26.45 ; 25.66 ; 20.71 ; 15.59 ; 120.00 ; 4.80 
11/abr/2021;7.72209; 26.45 ; 25.66 ; 20.71 ; 15.59 ; 120.00 ; 4.80 
12/abr/2021;7.71748; 26.97 ; 26.17 ; 20.43 ; 15.44 ; 120.00 ; 4.80 
13/abr/2021;7.71454; 26.97 ; 26.17 ; 20.43 ; 15.44 ; 120.00 ; 4.80 
14/abr/2021;7.71791; 26.97 ; 26.17 ; 20.43 ; 15.44 ; 120.00 ; 4.80 
15/abr/2021;7.71877; 26.97 ; 26.17 ; 20.43 ; 15.44 ; 120.00 ; 4.80 
16/abr/2021;7.71832; 26.97 ; 26.17 ; 20.43 ; 15.44 ; 120.00 ; 4.80 
17/abr/2021;7.71832; 26.97 ; 26.17 ; 20.43 ; 15.44 ; 120.00 ; 4.80 
18/abr/2021;7.71832; 26.97 ; 26.17 ; 20.43 ; 15.44 ; 120.00 ; 4.80 
19/abr/2021;7.71216; 27.00 ; 26.20 ; 20.59 ; 16.14 ; 120.00 ; 4.80 
20/abr/2021;7.71103; 27.00 ; 26.20 ; 20.59 ; 16.14 ; 120.00 ; 4.80 
21/abr/2021;7.71206; 27.00 ; 26.20 ; 20.59 ; 16.14 ; 120.00 ; 4.80 
22/abr/2021;7.71432; 27.00 ; 26.20 ; 20.59 ; 16.14 ; 120.00 ; 4.80 
23/abr/2021;7.71463; 27.00 ; 26.20 ; 20.59 ; 16.14 ; 120.00 ; 4.80 
24/abr/2021;7.71463; 27.00 ; 26.20 ; 20.59 ; 16.14 ; 120.00 ; 4.80 
25/abr/2021;7.71463; 27.00 ; 26.20 ; 20.59 ; 16.14 ; 120.00 ; 4.80 
26/abr/2021;7.71238; 27.27 ; 26.49 ; 20.87 ; 16.44 ; 120.00 ; 4.80 
27/abr/2021;7.71167; 27.27 ; 26.49 ; 20.87 ; 16.44 ; 120.00 ; 4.80 
28/abr/2021;7.71934; 27.27 ; 26.49 ; 20.87 ; 16.44 ; 120.00 ; 4.80 
29/abr/2021;7.71649; 27.27 ; 26.49 ; 20.87 ; 16.44 ; 120.00 ; 4.80 
30/abr/2021;7.71812; 27.27 ; 26.49 ; 20.87 ; 16.44 ; 120.00 ; 4.80 
01/may/2021;7.71812; 27.27 ; 26.49 ; 20.87 ; 16.44 ; 120.00 ; 4.80 
02/may/2021;7.71812; 27.27 ; 26.49 ; 20.87 ; 16.44 ; 120.00 ; 4.80 
03/may/2021;7.71812; 27.29 ; 26.49 ; 21.12 ; 16.44 ; 120.00 ; 4.80 
04/may/2021;7.71336; 27.29 ; 26.49 ; 21.12 ; 16.44 ; 120.00 ; 4.80 
05/may/2021;7.71288; 27.29 ; 26.49 ; 21.12 ; 16.44 ; 120.00 ; 4.80 
06/may/2021;7.71170; 27.29 ; 26.49 ; 21.12 ; 16.44 ; 120.00 ; 4.80 
07/may/2021;7.71133; 27.29 ; 26.49 ; 21.12 ; 16.44 ; 120.00 ; 4.80 
08/may/2021;7.71133; 27.29 ; 26.49 ; 21.12 ; 16.44 ; 120.00 ; 4.80 
09/may/2021;7.71133; 27.29 ; 26.49 ; 21.12 ; 16.44 ; 120.00 ; 4.80 
10/may/2021;7.71048; 27.89 ; 27.09 ; 21.79 ; 16.84 ; 120.00 ; 4.80 
11/may/2021;7.70861; 27.89 ; 27.09 ; 21.79 ; 16.84 ; 120.00 ; 4.80 
12/may/2021;7.71034; 27.89 ; 27.09 ; 21.79 ; 16.84 ; 120.00 ; 4.80 
13/may/2021;7.70898; 27.89 ; 27.09 ; 21.79 ; 16.84 ; 120.00 ; 4.80 
14/may/2021;7.71020; 27.89 ; 27.09 ; 21.79 ; 16.84 ; 120.00 ; 4.80 
15/may/2021;7.71020; 27.89 ; 27.09 ; 21.79 ; 16.84 ; 120.00 ; 4.80 
16/may/2021;7.71020; 27.89 ; 27.09 ; 21.79 ; 16.84 ; 120.00 ; 4.80 
17/may/2021;7.70923; 27.90 ; 27.09 ; 21.79 ; 16.99 ; 120.00 ; 4.80 
18/may/2021;7.70920; 27.90 ; 27.09 ; 21.79 ; 16.99 ; 120.00 ; 4.80 
19/may/2021;7.71246; 27.90 ; 27.09 ; 21.79 ; 16.99 ; 120.00 ; 4.80 
20/may/2021;7.71203; 27.90 ; 27.09 ; 21.79 ; 16.99 ; 120.00 ; 4.80 
21/may/2021;7.71822; 27.90 ; 27.09 ; 21.79 ; 16.99 ; 120.00 ; 4.80 
22/may/2021;7.71822; 27.90 ; 27.09 ; 21.79 ; 16.99 ; 120.00 ; 4.80 
23/may/2021;7.71822; 27.90 ; 27.09 ; 21.79 ; 16.99 ; 120.00 ; 4.80 
24/may/2021;7.71544; 27.88 ; 27.08 ; 21.78 ; 16.62 ; 120.00 ; 4.80 
25/may/2021;7.71791; 27.88 ; 27.08 ; 21.78 ; 16.62 ; 120.00 ; 4.80 
26/may/2021;7.71942; 27.88 ; 27.08 ; 21.78 ; 16.62 ; 120.00 ; 4.80 
27/may/2021;7.72190; 27.88 ; 27.08 ; 21.78 ; 16.62 ; 120.00 ; 4.80 
28/may/2021;7.72459; 27.88 ; 27.08 ; 21.78 ; 16.62 ; 120.00 ; 4.80 
29/may/2021;7.72459; 27.88 ; 27.08 ; 21.78 ; 16.62 ; 120.00 ; 4.80 
30/may/2021;7.72459; 27.88 ; 27.08 ; 21.78 ; 16.62 ; 120.00 ; 4.80 
31/may/2021;7.72117; 28.01 ; 27.22 ; 22.29 ; 16.45 ; 120.00 ; 4.80 
01/jun/2021;7.72935; 28.01 ; 27.22 ; 22.29 ; 16.45 ; 120.00 ; 4.80 
02/jun/2021;7.72179; 28.01 ; 27.22 ; 22.29 ; 16.45 ; 120.00 ; 4.80 
03/jun/2021;7.72533; 28.01 ; 27.22 ; 22.29 ; 16.45 ; 120.00 ; 4.80 
04/jun/2021;7.72994; 28.01 ; 27.22 ; 22.29 ; 16.45 ; 120.00 ; 4.80 
05/jun/2021;7.72994; 28.01 ; 27.22 ; 22.29 ; 16.45 ; 120.00 ; 4.80 
06/jun/2021;7.72994; 28.01 ; 27.22 ; 22.29 ; 16.45 ; 120.00 ; 4.80 
07/jun/2021;7.72393; 27.99 ; 27.20 ; 22.58 ; 16.78 ; 120.00 ; 4.80 
08/jun/2021;7.72481; 27.99 ; 27.20 ; 22.58 ; 16.78 ; 120.00 ; 4.80 
09/jun/2021;7.73186; 27.99 ; 27.20 ; 22.58 ; 16.78 ; 120.00 ; 4.80 
10/jun/2021;7.73802; 27.99 ; 27.20 ; 22.58 ; 16.78 ; 120.00 ; 4.80 
11/jun/2021;7.74072; 27.99 ; 27.20 ; 22.58 ; 16.78 ; 120.00 ; 4.80 
12/jun/2021;7.74072; 27.99 ; 27.20 ; 22.58 ; 16.78 ; 120.00 ; 4.80 
13/jun/2021;7.74072; 27.99 ; 27.20 ; 22.58 ; 16.78 ; 120.00 ; 4.80 
14/jun/2021;7.73700; 28.19 ; 27.40 ; 22.70 ; 17.04 ; 120.00 ; 4.80 
15/jun/2021;7.73582; 28.19 ; 27.40 ; 22.70 ; 17.04 ; 120.00 ; 4.80 
16/jun/2021;7.74111; 28.19 ; 27.40 ; 22.70 ; 17.04 ; 120.00 ; 4.80 
17/jun/2021;7.74153; 28.19 ; 27.40 ; 22.70 ; 17.04 ; 120.00 ; 4.80 
18/jun/2021;7.74443; 28.19 ; 27.40 ; 22.70 ; 17.04 ; 120.00 ; 4.80 
19/jun/2021;7.74443; 28.19 ; 27.40 ; 22.70 ; 17.04 ; 120.00 ; 4.80 
20/jun/2021;7.74443; 28.19 ; 27.40 ; 22.70 ; 17.04 ; 120.00 ; 4.80 
21/jun/2021;7.73757; 27.68 ; 26.86 ; 21.88 ; 17.29 ; 120.00 ; 4.80 
22/jun/2021;7.73800; 27.68 ; 26.86 ; 21.88 ; 17.29 ; 120.00 ; 4.80 
23/jun/2021;7.74412; 27.68 ; 26.86 ; 21.88 ; 17.29 ; 120.00 ; 4.80 
24/jun/2021;7.74428; 27.68 ; 26.86 ; 21.88 ; 17.29 ; 120.00 ; 4.80 
25/jun/2021;7.75033; 27.68 ; 26.86 ; 21.88 ; 17.29 ; 120.00 ; 4.80 
26/jun/2021;7.75033; 27.68 ; 26.86 ; 21.88 ; 17.29 ; 120.00 ; 4.80 
27/jun/2021;7.75033; 27.68 ; 26.86 ; 21.88 ; 17.29 ; 120.00 ; 4.80 
28/jun/2021;7.75033; 27.68 ; 26.86 ; 21.88 ; 17.59 ; 120.00 ; 4.80 
29/jun/2021;7.75033; 27.60 ; 26.80 ; 21.81 ; 17.59 ; 120.00 ; 4.80 
30/jun/2021;7.74404; 27.60 ; 26.80 ; 21.81 ; 17.59 ; 120.00 ; 4.80 
01/jul/2021;7.74400; 27.60 ; 26.80 ; 21.81 ; 17.59 ; 120.00 ; 4.80 
02/jul/2021;7.74502; 27.60 ; 26.80 ; 21.81 ; 17.59 ; 120.00 ; 4.80 
03/jul/2021;7.74502; 27.60 ; 26.80 ; 21.81 ; 17.59 ; 120.00 ; 4.80 
04/jul/2021;7.74502; 27.60 ; 26.80 ; 21.81 ; 17.59 ; 120.00 ; 4.80 
05/jul/2021;7.74235; 28.78 ; 27.98 ; 22.97 ; 17.59 ; 120.00 ; 4.80 
06/jul/2021;7.74274; 28.78 ; 27.98 ; 22.97 ; 17.59 ; 120.00 ; 4.80 
07/jul/2021;7.74339; 28.78 ; 27.98 ; 22.97 ; 17.59 ; 120.00 ; 4.80 
08/jul/2021;7.72481; 28.78 ; 27.98 ; 22.97 ; 17.59 ; 120.00 ; 4.80 
09/jul/2021;7.73186; 28.78 ; 27.98 ; 22.97 ; 17.59 ; 120.00 ; 4.80 
10/jul/2021;7.73802; 28.78 ; 27.98 ; 22.97 ; 17.59 ; 120.00 ; 4.80 
11/jul/2021;7.74072; 28.78 ; 27.98 ; 22.97 ; 17.59 ; 120.00 ; 4.80 
12/jul/2021;7.74072; 28.64 ; 27.84 ; 22.82 ; 17.09 ; 120.00 ; 4.80 
13/jul/2021;7.74072; 28.64 ; 27.84 ; 22.82 ; 17.09 ; 120.00 ; 4.80 
14/jul/2021;7.74309; 28.64 ; 27.84 ; 22.82 ; 17.09 ; 120.00 ; 4.80 
15/jul/2021;7.74341; 28.64 ; 27.84 ; 22.82 ; 17.09 ; 120.00 ; 4.80 
16/jul/2021;7.74478; 28.64 ; 27.84 ; 22.82 ; 17.09 ; 120.00 ; 4.80 
17/jul/2021;7.74478; 28.64 ; 27.84 ; 22.82 ; 17.09 ; 120.00 ; 4.80 
18/jul/2021;7.74478; 28.64 ; 27.84 ; 22.82 ; 17.09 ; 120.00 ; 4.80 
19/jul/2021;7.74535; 28.34 ; 27.54 ; 22.55 ; 17.32 ; 120.00 ; 4.80 
20/jul/2021;7.74279; 28.34 ; 27.54 ; 22.55 ; 17.32 ; 120.00 ; 4.80 
21/jul/2021;7.74457; 28.34 ; 27.54 ; 22.55 ; 17.32 ; 120.00 ; 4.80 
22/jul/2021;7.74615; 28.34 ; 27.54 ; 22.55 ; 17.32 ; 120.00 ; 4.80 
23/jul/2021;7.74671; 28.34 ; 27.54 ; 22.55 ; 17.32 ; 120.00 ; 4.80 
24/jul/2021;7.74671; 28.34 ; 27.54 ; 22.55 ; 17.32 ; 120.00 ; 4.80 
25/jul/2021;7.74671; 28.34 ; 27.54 ; 22.55 ; 17.32 ; 120.00 ; 4.80 
26/jul/2021;7.74425; 28.09 ; 27.29 ; 22.10 ; 16.82 ; 120.00 ; 4.80 
27/jul/2021;7.74312; 28.09 ; 27.29 ; 22.10 ; 16.82 ; 120.00 ; 4.80 
28/jul/2021;7.74328; 28.09 ; 27.29 ; 22.10 ; 16.82 ; 120.00 ; 4.80 
29/jul/2021;7.74762; 28.09 ; 27.29 ; 22.10 ; 16.82 ; 120.00 ; 4.80 
30/jul/2021;7.74751; 28.09 ; 27.29 ; 22.10 ; 16.82 ; 120.00 ; 4.80 
31/jul/2021;7.74751; 28.09 ; 27.29 ; 22.10 ; 16.82 ; 120.00 ; 4.80 
01/ago/2021;7.74751; 28.09 ; 27.29 ; 22.10 ; 16.82 ; 120.00 ; 4.80 
02/ago/2021;7.74846; 29.10 ; 28.28 ; 23.10 ; 17.32 ; 120.00 ; 4.80 
03/ago/2021;7.74181; 29.10 ; 28.28 ; 23.10 ; 17.32 ; 120.00 ; 4.80 
04/ago/2021;7.74579; 29.10 ; 28.28 ; 23.10 ; 17.32 ; 120.00 ; 4.80 
05/ago/2021;7.74765; 29.10 ; 28.28 ; 23.10 ; 17.32 ; 120.00 ; 4.80 
06/ago/2021;7.74821; 29.10 ; 28.28 ; 23.10 ; 17.32 ; 120.00 ; 4.80 
07/ago/2021;7.74821; 29.10 ; 28.28 ; 23.10 ; 17.32 ; 120.00 ; 4.80 
08/ago/2021;7.74821; 29.10 ; 28.28 ; 23.10 ; 17.32 ; 120.00 ; 4.80 
09/ago/2021;7.74671; 29.09 ; 28.27 ; 23.09 ; 17.02 ; 120.00 ; 4.80 
10/ago/2021;7.74134; 29.09 ; 28.27 ; 23.09 ; 17.02 ; 120.00 ; 4.80 
11/ago/2021;7.73950; 29.09 ; 28.27 ; 23.09 ; 17.02 ; 120.00 ; 4.80 
12/ago/2021;7.73969; 29.09 ; 28.27 ; 23.09 ; 17.02 ; 120.00 ; 4.80 
13/ago/2021;7.73802; 29.09 ; 28.27 ; 23.09 ; 17.02 ; 120.00 ; 4.80 
14/ago/2021;7.73802; 29.09 ; 28.27 ; 23.09 ; 17.02 ; 120.00 ; 4.80 
15/ago/2021;7.73802; 29.09 ; 28.27 ; 23.09 ; 17.02 ; 120.00 ; 4.80 
16/ago/2021;7.73802; 29.09 ; 28.27 ; 23.09 ; 17.02 ; 120.00 ; 4.80 
17/ago/2021;7.73577; 28.80 ; 28.00 ; 22.80 ; 17.02 ; 120.00 ; 4.80 
18/ago/2021;7.73522; 28.80 ; 28.00 ; 22.80 ; 17.02 ; 120.00 ; 4.80 
19/ago/2021;7.73636; 28.80 ; 28.00 ; 22.80 ; 17.02 ; 120.00 ; 4.80 
20/ago/2021;7.73501; 28.80 ; 28.00 ; 22.80 ; 17.02 ; 120.00 ; 4.80 
21/ago/2021;7.73501; 28.80 ; 28.00 ; 22.80 ; 17.02 ; 120.00 ; 4.80 
22/ago/2021;7.73501; 28.80 ; 28.00 ; 22.80 ; 17.02 ; 120.00 ; 4.80 
23/ago/2021;7.73248; 28.79 ; 27.99 ; 22.79 ; 16.67 ; 120.00 ; 4.80 
24/ago/2021;7.73216; 28.79 ; 27.99 ; 22.79 ; 16.67 ; 120.00 ; 4.80 
25/ago/2021;7.73273; 28.79 ; 27.99 ; 22.79 ; 16.67 ; 120.00 ; 4.80 
26/ago/2021;7.73256; 28.79 ; 27.99 ; 22.79 ; 16.67 ; 120.00 ; 4.80 
27/ago/2021;7.73179; 28.79 ; 27.99 ; 22.79 ; 16.67 ; 120.00 ; 4.80 
28/ago/2021;7.73179; 28.79 ; 27.99 ; 22.79 ; 16.67 ; 120.00 ; 4.80 
29/ago/2021;7.73179; 28.79 ; 27.99 ; 22.79 ; 16.67 ; 120.00 ; 4.80 
30/ago/2021;7.72752; 28.79 ; 27.99 ; 22.79 ; 17.57 ; 120.00 ; 4.80 
31/ago/2021;7.72957; 28.79 ; 27.99 ; 22.79 ; 17.57 ; 120.00 ; 4.80 
01/sep/2021;7.73080; 28.79 ; 27.99 ; 22.79 ; 17.57 ; 120.00 ; 4.80 
02/sep/2021;7.73415; 28.79 ; 27.99 ; 22.79 ; 17.57 ; 120.00 ; 4.80 
03/sep/2021;7.73213; 28.79 ; 27.99 ; 22.79 ; 17.57 ; 120.00 ; 4.80 
04/sep/2021;7.73213; 28.79 ; 27.99 ; 22.79 ; 17.57 ; 120.00 ; 4.80 
05/sep/2021;7.73213; 28.79 ; 27.99 ; 22.79 ; 17.57 ; 120.00 ; 4.80 
06/sep/2021;7.72922; 29.11 ; 28.40 ; 23.20 ; 17.87 ; 120.00 ; 4.80 
07/sep/2021;7.73432; 29.11 ; 28.40 ; 23.20 ; 17.87 ; 120.00 ; 4.80 
08/sep/2021;7.73144; 29.11 ; 28.40 ; 23.20 ; 17.87 ; 120.00 ; 4.80 
09/sep/2021;7.72900; 29.11 ; 28.40 ; 23.20 ; 17.87 ; 120.00 ; 4.80 
10/sep/2021;7.73025; 29.11 ; 28.40 ; 23.20 ; 17.87 ; 120.00 ; 4.80 
11/sep/2021;7.73025; 29.11 ; 28.40 ; 23.20 ; 17.87 ; 120.00 ; 4.80 
12/sep/2021;7.73025; 29.11 ; 28.40 ; 23.20 ; 17.87 ; 120.00 ; 4.80 
13/sep/2021;7.72909; 29.08 ; 28.40 ; 23.47 ; 17.41 ; 120.00 ; 4.80 
14/sep/2021;7.72760; 29.08 ; 28.40 ; 23.47 ; 17.41 ; 120.00 ; 4.80 
15/sep/2021;7.72760; 29.08 ; 28.40 ; 23.47 ; 17.41 ; 120.00 ; 4.80 
16/sep/2021;7.72827; 29.08 ; 28.40 ; 23.47 ; 17.41 ; 120.00 ; 4.80 
17/sep/2021;7.73272; 29.08 ; 28.40 ; 23.47 ; 17.41 ; 120.00 ; 4.80 
18/sep/2021;7.73272; 29.08 ; 28.40 ; 23.47 ; 17.41 ; 120.00 ; 4.80 
19/sep/2021;7.73272; 29.08 ; 28.40 ; 23.47 ; 17.41 ; 120.00 ; 4.80 
20/sep/2021;7.73082; 29.27 ; 28.58 ; 23.77 ; 17.55 ; 126.00 ; 5.04 
21/sep/2021;7.72868; 29.27 ; 28.58 ; 23.77 ; 17.55 ; 126.00 ; 5.04 
22/sep/2021;7.73206; 29.27 ; 28.58 ; 23.77 ; 17.55 ; 126.00 ; 5.04 
23/sep/2021;7.73345; 29.27 ; 28.58 ; 23.77 ; 17.55 ; 129.00 ; 5.16 
24/sep/2021;7.73690; 29.27 ; 28.58 ; 23.77 ; 17.55 ; 129.00 ; 5.16 
25/sep/2021;7.73690; 29.27 ; 28.58 ; 23.77 ; 17.55 ; 129.00 ; 5.16 
26/sep/2021;7.73690; 29.27 ; 28.58 ; 23.77 ; 17.55 ; 129.00 ; 5.16 
27/sep/2021;7.73277; 29.29 ; 28.59 ; 23.79 ; 17.80 ; 129.00 ; 5.16 
28/sep/2021;7.73175; 29.29 ; 28.59 ; 23.79 ; 17.80 ; 129.00 ; 5.16 
29/sep/2021;7.73524; 29.29 ; 28.59 ; 23.79 ; 17.80 ; 129.00 ; 5.16 
30/sep/2021;7.73365; 29.29 ; 28.59 ; 23.79 ; 17.80 ; 132.00 ; 5.28 
01/oct/2021;7.73369; 29.29 ; 28.59 ; 23.79 ; 17.80 ; 132.00 ; 5.28 
02/oct/2021;7.73369; 29.29 ; 28.59 ; 23.79 ; 17.80 ; 132.00 ; 5.28 
03/oct/2021;7.73369; 29.29 ; 28.59 ; 23.79 ; 17.80 ; 132.00 ; 5.28 
04/oct/2021;7.72995; 29.01 ; 28.30 ; 24.48 ; 18.55 ; 132.00 ; 5.28 
05/oct/2021;7.72931; 29.01 ; 28.30 ; 24.48 ; 18.55 ; 132.00 ; 5.28 
06/oct/2021;7.73116; 29.01 ; 28.30 ; 24.48 ; 18.55 ; 132.00 ; 5.28 
07/oct/2021;7.73216; 29.01 ; 28.30 ; 24.48 ; 18.55 ; 132.00 ; 5.28 
08/oct/2021;7.73128; 29.01 ; 28.30 ; 24.48 ; 18.55 ; 132.00 ; 5.28 
09/oct/2021;7.73128; 29.01 ; 28.30 ; 24.48 ; 18.55 ; 132.00 ; 5.28 
10/oct/2021;7.73128; 29.01 ; 28.30 ; 24.48 ; 18.55 ; 132.00 ; 5.28 
11/oct/2021;7.72898; 29.98 ; 29.28 ; 25.41 ; 19.35 ; 132.00 ; 5.28 
12/oct/2021;7.72898; 29.98 ; 29.28 ; 25.41 ; 19.35 ; 132.00 ; 5.28 
13/oct/2021;7.73177; 29.98 ; 29.28 ; 25.41 ; 19.35 ; 132.00 ; 5.28 
14/oct/2021;7.72891; 29.98 ; 29.28 ; 25.41 ; 19.35 ; 132.00 ; 5.28 
15/oct/2021;7.73147; 29.98 ; 29.28 ; 25.41 ; 19.35 ; 132.00 ; 5.28 
16/oct/2021;7.73147; 29.98 ; 29.28 ; 25.41 ; 19.35 ; 132.00 ; 5.28 
17/oct/2021;7.73147; 29.98 ; 29.28 ; 25.41 ; 19.35 ; 132.00 ; 5.28 
18/oct/2021;7.73017; 29.97 ; 29.28 ; 25.44 ; 19.45 ; 132.00 ; 5.28 
19/oct/2021;7.72756; 29.97 ; 29.28 ; 25.44 ; 19.45 ; 132.00 ; 5.28 
20/oct/2021;7.72756; 29.97 ; 29.28 ; 25.44 ; 19.45 ; 132.00 ; 5.28 
21/oct/2021;7.72975; 29.97 ; 29.28 ; 25.44 ; 19.45 ; 132.00 ; 5.28 
22/oct/2021;7.73264; 29.97 ; 29.28 ; 25.44 ; 19.45 ; 132.00 ; 5.28 
23/oct/2021;7.73264; 29.97 ; 29.28 ; 25.44 ; 19.45 ; 132.00 ; 5.28 
24/oct/2021;7.73264; 29.97 ; 29.28 ; 25.44 ; 19.45 ; 132.00 ; 5.28 
25/oct/2021;7.72948; 30.98 ; 30.28 ; 26.49 ; 19.22 ; 132.00 ; 5.28 
26/oct/2021;7.72908; 30.98 ; 30.28 ; 26.49 ; 19.22 ; 132.00 ; 5.28 
27/oct/2021;7.73331; 30.98 ; 30.28 ; 26.49 ; 19.22 ; 132.00 ; 5.28 
28/oct/2021;7.73647; 30.98 ; 30.28 ; 26.49 ; 19.22 ; 132.00 ; 5.28 
29/oct/2021;7.73464; 30.98 ; 30.28 ; 26.49 ; 19.22 ; 132.00 ; 5.28 
30/oct/2021;7.73464; 30.98 ; 30.28 ; 26.49 ; 19.22 ; 132.00 ; 5.28 
31/oct/2021;7.73464; 30.98 ; 30.28 ; 26.49 ; 19.22 ; 132.00 ; 5.28 
01/nov/2021;7.73464; 30.98 ; 30.28 ; 26.49 ; 19.22 ; 138.67 ; 5.55 
02/nov/2021;7.73554; 30.98 ; 30.28 ; 26.48 ; 18.95 ; 138.67 ; 5.55 
03/nov/2021;7.73091; 30.98 ; 30.28 ; 26.48 ; 18.95 ; 138.67 ; 5.55 
04/nov/2021;7.73206; 30.98 ; 30.28 ; 26.48 ; 18.95 ; 138.67 ; 5.55 
05/nov/2021;7.73221; 30.98 ; 30.28 ; 26.48 ; 18.95 ; 138.67 ; 5.55 
06/nov/2021;7.73221; 30.98 ; 30.28 ; 26.48 ; 18.95 ; 138.67 ; 5.55 
07/nov/2021;7.73221; 30.98 ; 30.28 ; 26.48 ; 18.95 ; 138.67 ; 5.55 
08/nov/2021;7.72991; 30.99 ; 30.30 ; 26.49 ; 18.45 ; 138.67 ; 5.55 
09/nov/2021;7.72837; 30.99 ; 30.30 ; 26.49 ; 18.45 ; 138.67 ; 5.55 
10/nov/2021;7.72687; 30.99 ; 30.30 ; 26.49 ; 18.45 ; 138.67 ; 5.55 
11/nov/2021;7.72750; 30.99 ; 30.30 ; 26.49 ; 18.45 ; 138.67 ; 5.55 
12/nov/2021;7.73171; 30.99 ; 30.30 ; 26.49 ; 18.45 ; 138.67 ; 5.55 
13/nov/2021;7.73171; 30.99 ; 30.30 ; 26.49 ; 18.45 ; 138.67 ; 5.55 
14/nov/2021;7.73171; 30.99 ; 30.30 ; 26.49 ; 18.45 ; 138.67 ; 5.55 
15/nov/2021;7.72977; 30.63 ; 29.93 ; 26.12 ; 18.30 ; 138.67 ; 5.55 
16/nov/2021;7.72696; 30.63 ; 29.93 ; 26.12 ; 18.30 ; 138.67 ; 5.55 
17/nov/2021;7.73290; 30.63 ; 29.93 ; 26.12 ; 18.30 ; 138.67 ; 5.55 
18/nov/2021;7.73088; 30.63 ; 29.93 ; 26.12 ; 18.30 ; 138.67 ; 5.55 
19/nov/2021;7.73298; 30.63 ; 29.93 ; 26.12 ; 18.30 ; 138.67 ; 5.55 
20/nov/2021;7.73298; 30.63 ; 29.93 ; 26.12 ; 18.30 ; 138.67 ; 5.55 
21/nov/2021;7.73298; 30.63 ; 29.93 ; 26.12 ; 18.30 ; 138.67 ; 5.55 
22/nov/2021;7.72540; 30.01 ; 29.32 ; 25.70 ; 18.45 ; 138.67 ; 5.55 
23/nov/2021;7.72921; 30.01 ; 29.32 ; 25.70 ; 18.45 ; 138.67 ; 5.55 
24/nov/2021;7.73146; 30.01 ; 29.32 ; 25.70 ; 18.45 ; 138.67 ; 5.55 
25/nov/2021;7.73144; 30.01 ; 29.32 ; 25.70 ; 18.45 ; 138.67 ; 5.55 
26/nov/2021;7.73483; 30.01 ; 29.32 ; 25.70 ; 18.45 ; 138.67 ; 5.55 
27/nov/2021;7.73483; 30.01 ; 29.32 ; 25.70 ; 18.45 ; 138.67 ; 5.55 
28/nov/2021;7.73483; 30.01 ; 29.32 ; 25.70 ; 18.45 ; 138.67 ; 5.55 
29/nov/2021;7.73149; 29.78 ; 29.07 ; 25.33 ; 17.95 ; 138.67 ; 5.55 
30/nov/2021;7.73058; 29.78 ; 29.07 ; 25.33 ; 17.95 ; 138.67 ; 5.55 
01/dic/2021;7.73219; 29.78 ; 29.07 ; 25.33 ; 17.95 ; 122.00 ; 4.88 
02/dic/2021;7.73080; 29.78 ; 29.07 ; 25.33 ; 17.95 ; 122.00 ; 4.88 
03/dic/2021;7.73654; 29.78 ; 29.07 ; 25.33 ; 17.95 ; 122.00 ; 4.88 
04/dic/2021;7.73654; 29.78 ; 29.07 ; 25.33 ; 17.95 ; 122.00 ; 4.88 
05/dic/2021;7.73654; 29.78 ; 29.07 ; 25.33 ; 17.95 ; 122.00 ; 4.88 
06/dic/2021;7.72819; 28.82 ; 28.10 ; 24.36 ; 16.95 ; 122.00 ; 4.88 
07/dic/2021;7.72825; 28.82 ; 28.10 ; 24.36 ; 16.95 ; 122.00 ; 4.88 
08/dic/2021;7.73170; 28.82 ; 28.10 ; 24.36 ; 16.95 ; 122.00 ; 4.88 
09/dic/2021;7.72860; 28.82 ; 28.10 ; 24.36 ; 16.95 ; 122.00 ; 4.88 
10/dic/2021;7.73244; 28.82 ; 28.10 ; 24.36 ; 16.95 ; 122.00 ; 4.88 
11/dic/2021;7.73244; 28.82 ; 28.10 ; 24.36 ; 16.95 ; 122.00 ; 4.88 
12/dic/2021;7.73244; 28.82 ; 28.10 ; 24.36 ; 16.95 ; 122.00 ; 4.88 
13/dic/2021;7.72760; 28.78 ; 28.06 ; 24.28 ; 16.95 ; 122.00 ; 4.88 
14/dic/2021;7.72471; 28.78 ; 28.06 ; 24.28 ; 16.95 ; 122.00 ; 4.88 
15/dic/2021;7.72525; 28.78 ; 28.06 ; 24.28 ; 16.95 ; 122.00 ; 4.88 
16/dic/2021;7.72374; 28.78 ; 28.06 ; 24.28 ; 16.95 ; 122.00 ; 4.88 
17/dic/2021;7.72464; 28.78 ; 28.06 ; 24.28 ; 16.95 ; 122.00 ; 4.88 
18/dic/2021;7.72464; 28.78 ; 28.06 ; 24.28 ; 16.95 ; 122.00 ; 4.88 
19/dic/2021;7.72464; 28.78 ; 28.06 ; 24.28 ; 16.95 ; 122.00 ; 4.88 
20/dic/2021;7.72210; 28.78 ; 28.06 ; 24.28 ; 17.10 ; 122.00 ; 4.88 
21/dic/2021;7.71769; 28.78 ; 28.06 ; 24.28 ; 17.10 ; 122.00 ; 4.88 
22/dic/2021;7.72082; 28.78 ; 28.06 ; 24.28 ; 17.10 ; 122.00 ; 4.88 
23/dic/2021;7.71827; 28.78 ; 28.06 ; 24.28 ; 17.10 ; 122.00 ; 4.88 
24/dic/2021;7.71628; 28.78 ; 28.06 ; 24.28 ; 17.10 ; 122.00 ; 4.88 
25/dic/2021;7.71628; 28.78 ; 28.06 ; 24.28 ; 17.10 ; 122.00 ; 4.88 
26/dic/2021;7.71628; 28.78 ; 28.06 ; 24.28 ; 17.10 ; 122.00 ; 4.88 
27/dic/2021;7.71628; 28.69 ; 27.91 ; 24.51 ; 17.28 ; 122.00 ; 4.88 
28/dic/2021;7.72447; 28.69 ; 27.91 ; 24.51 ; 17.28 ; 122.00 ; 4.88 
29/dic/2021;7.71924; 28.69 ; 27.91 ; 24.51 ; 17.28 ; 122.00 ; 4.88 
30/dic/2021;7.71912; 28.69 ; 27.91 ; 24.51 ; 17.28 ; 122.00 ; 4.88 
31/dic/2021;7.71912; 28.69 ; 27.91 ; 24.51 ; 17.28 ; 122.00 ; 4.88 
01/ene/2022;7.71912; 28.69 ; 27.91 ; 24.51 ; 17.28 ; 122.00 ; 4.88 
02/ene/2022;7.71912; 28.69 ; 27.91 ; 24.51 ; 17.28 ; 122.00 ; 4.88 
03/ene/2022;7.71912; 28.79 ; 27.99 ; 24.60 ; 17.91 ; 122.00 ; 4.88 
04/ene/2022;7.71745; 28.79 ; 27.99 ; 24.60 ; 17.91 ; 122.00 ; 4.88 
05/ene/2022;7.71558; 28.79 ; 27.99 ; 24.60 ; 17.91 ; 122.00 ; 4.88 
06/ene/2022;7.71823; 28.79 ; 27.99 ; 24.60 ; 17.91 ; 122.00 ; 4.88 
07/ene/2022;7.71343; 28.79 ; 27.99 ; 24.60 ; 17.91 ; 122.00 ; 4.88 
08/ene/2022;7.71343; 28.79 ; 27.99 ; 24.60 ; 17.91 ; 122.00 ; 4.88 
09/ene/2022;7.71343; 28.79 ; 27.99 ; 24.60 ; 17.91 ; 122.00 ; 4.88 
10/ene/2022;7.71101; 29.65 ; 28.85 ; 25.46 ; 18.55 ; 122.00 ; 4.88 
11/ene/2022;7.70832; 29.65 ; 28.85 ; 25.46 ; 18.55 ; 122.00 ; 4.88 
12/ene/2022;7.70898; 29.65 ; 28.85 ; 25.46 ; 18.55 ; 122.00 ; 4.88 
13/ene/2022;7.70620; 29.65 ; 28.85 ; 25.46 ; 18.55 ; 122.00 ; 4.88 
14/ene/2022;7.70777; 29.65 ; 28.85 ; 25.46 ; 18.55 ; 122.00 ; 4.88 
15/ene/2022;7.70777; 29.65 ; 28.85 ; 25.46 ; 18.55 ; 122.00 ; 4.88 
16/ene/2022;7.70777; 29.65 ; 28.85 ; 25.46 ; 18.55 ; 122.00 ; 4.88 
17/ene/2022;7.70046; 30.49 ; 29.69 ; 26.49 ; 18.97 ; 122.00 ; 4.88 
18/ene/2022;7.70453; 30.49 ; 29.69 ; 26.49 ; 18.97 ; 122.00 ; 4.88 
19/ene/2022;7.69958; 30.49 ; 29.69 ; 26.49 ; 18.97 ; 122.00 ; 4.88 
20/ene/2022;7.69537; 30.49 ; 29.69 ; 26.49 ; 18.97 ; 122.00 ; 4.88 
21/ene/2022;7.69195; 30.49 ; 29.69 ; 26.49 ; 18.97 ; 122.00 ; 4.88 
22/ene/2022;7.69195; 30.49 ; 29.69 ; 26.49 ; 18.97 ; 122.00 ; 4.88 
23/ene/2022;7.69195; 30.49 ; 29.69 ; 26.49 ; 18.97 ; 122.00 ; 4.88 
24/ene/2022;7.68855; 31.49 ; 30.69 ; 27.49 ; 19.55 ; 122.00 ; 4.88 
25/ene/2022;7.68581; 31.49 ; 30.69 ; 27.49 ; 19.55 ; 122.00 ; 4.88 
26/ene/2022;7.68541; 31.49 ; 30.69 ; 27.49 ; 19.55 ; 122.00 ; 4.88 
27/ene/2022;7.68649; 31.49 ; 30.69 ; 27.49 ; 19.55 ; 122.00 ; 4.88 
28/ene/2022;7.68995; 31.49 ; 30.69 ; 27.49 ; 19.55 ; 122.00 ; 4.88 
29/ene/2022;7.68995; 31.49 ; 30.69 ; 27.49 ; 19.55 ; 122.00 ; 4.88 
30/ene/2022;7.68995; 31.49 ; 30.69 ; 27.49 ; 19.55 ; 122.00 ; 4.88 
31/ene/2022;7.68981; 31.50 ; 30.69 ; 27.98 ; 19.85 ; 122.00 ; 4.88 
01/feb/2022;7.68555; 31.50 ; 30.69 ; 27.98 ; 19.85 ; 122.00 ; 4.88 
02/feb/2022;7.69221; 31.50 ; 30.69 ; 27.98 ; 19.85 ; 122.00 ; 4.88 
03/feb/2022;7.69189; 31.50 ; 30.69 ; 27.98 ; 19.85 ; 122.00 ; 4.88 
04/feb/2022;7.69495; 31.50 ; 30.69 ; 27.98 ; 19.85 ; 122.00 ; 4.88 
05/feb/2022;7.69495; 31.50 ; 30.69 ; 27.98 ; 19.85 ; 122.00 ; 4.88 
06/feb/2022;7.69495; 31.50 ; 30.69 ; 27.98 ; 19.85 ; 122.00 ; 4.88 
07/feb/2022;7.69122; 32.19 ; 32.39 ; 28.58 ; 20.30 ; 122.00 ; 4.88 
08/feb/2022;7.68860; 32.19 ; 32.39 ; 28.58 ; 20.30 ; 122.00 ; 4.88 
09/feb/2022;7.69229; 32.19 ; 32.39 ; 28.58 ; 20.30 ; 122.00 ; 4.88 
10/feb/2022;7.69531; 32.19 ; 32.39 ; 28.58 ; 20.30 ; 122.00 ; 4.88 
11/feb/2022;7.69226; 32.19 ; 32.39 ; 28.58 ; 20.30 ; 122.00 ; 4.88 
12/feb/2022;7.69226; 32.19 ; 32.39 ; 28.58 ; 20.30 ; 122.00 ; 4.88 
13/feb/2022;7.69226; 32.19 ; 32.39 ; 28.58 ; 20.30 ; 122.00 ; 4.88 
14/feb/2022;7.69255; 32.22 ; 31.42 ; 28.61 ; 20.35 ; 122.00 ; 4.88 
15/feb/2022;7.68841; 32.22 ; 31.42 ; 28.61 ; 20.35 ; 122.00 ; 4.88 
16/feb/2022;7.69562; 32.22 ; 31.42 ; 28.61 ; 20.35 ; 122.00 ; 4.88 
17/feb/2022;7.69349; 32.22 ; 31.42 ; 28.61 ; 20.35 ; 122.00 ; 4.88 
18/feb/2022;7.70039; 32.22 ; 31.42 ; 28.61 ; 20.35 ; 122.00 ; 4.88 
19/feb/2022;7.70039; 32.22 ; 31.42 ; 28.61 ; 20.35 ; 122.00 ; 4.88 
20/feb/2022;7.70039; 32.22 ; 31.42 ; 28.61 ; 20.35 ; 122.00 ; 4.88 
21/feb/2022;7.69849; 33.50 ; 32.70 ; 29.88 ; 20.35 ; 122.00 ; 4.88 
22/feb/2022;7.70788; 33.50 ; 32.70 ; 29.88 ; 20.35 ; 122.00 ; 4.88 
23/feb/2022;7.70468; 33.50 ; 32.70 ; 29.88 ; 20.35 ; 122.00 ; 4.88 
24/feb/2022;7.71285; 33.50 ; 32.70 ; 29.88 ; 20.35 ; 122.00 ; 4.88 
25/feb/2022;7.71690; 33.50 ; 32.70 ; 29.88 ; 20.35 ; 122.00 ; 4.88 
26/feb/2022;7.71690; 33.50 ; 32.70 ; 29.88 ; 20.35 ; 122.00 ; 4.88 
27/feb/2022;7.71690; 33.50 ; 32.70 ; 29.88 ; 20.35 ; 122.00 ; 4.88 
28/feb/2022;7.71322; 33.88 ; 33.29 ; 30.09 ; 20.00 ; 122.00 ; 4.88 
01/mar/2022;7.70440; 33.88 ; 33.29 ; 30.09 ; 20.00 ; 142.00 ; 5.68 
02/mar/2022;7.70543; 33.88 ; 33.29 ; 30.09 ; 20.00 ; 142.00 ; 5.68 
03/mar/2022;7.71199; 35.99 ; 35.39 ; 33.09 ; 20.00 ; 142.00 ; 5.68 
04/mar/2022;7.71002; 35.99 ; 35.39 ; 33.09 ; 20.00 ; 142.00 ; 5.68 
05/mar/2022;7.71002; 35.99 ; 35.39 ; 33.09 ; 20.00 ; 142.00 ; 5.68 
06/mar/2022;7.71002; 35.99 ; 35.39 ; 33.09 ; 20.00 ; 142.00 ; 5.68 
07/mar/2022;7.70431; 37.98 ; 37.39 ; 36.09 ; 21.90 ; 142.00 ; 5.68 
08/mar/2022;7.69932; 37.98 ; 37.39 ; 36.09 ; 21.90 ; 142.00 ; 5.68 
09/mar/2022;7.70110; 39.99 ; 39.42 ; 40.25 ; 21.90 ; 147.00 ; 5.88 
10/mar/2022;7.70164; 39.99 ; 39.42 ; 40.25 ; 21.90 ; 147.00 ; 5.88 
11/mar/2022;7.70105; 39.99 ; 39.42 ; 40.25 ; 21.90 ; 147.00 ; 5.88 
12/mar/2022;7.70105; 39.99 ; 39.42 ; 40.25 ; 21.90 ; 147.00 ; 5.88 
13/mar/2022;7.70105; 37.98 ; 37.39 ; 35.48 ; 21.90 ; 147.00 ; 5.88 
14/mar/2022;7.69793; 37.98 ; 37.39 ; 35.48 ; 24.96 ; 147.00 ; 5.88 
15/mar/2022;7.69146; 37.98 ; 37.39 ; 35.48 ; 24.96 ; 147.00 ; 5.88 
16/mar/2022;7.69510; 38.00 ; 37.39 ; 35.70 ; 24.60 ; 147.00 ; 5.88 
17/mar/2022;7.69380; 38.00 ; 37.39 ; 35.70 ; 24.60 ; 147.00 ; 5.88 
18/mar/2022;7.69159; 38.00 ; 37.39 ; 35.70 ; 24.60 ; 142.00 ; 5.68 
19/mar/2022;7.69159; 38.00 ; 37.39 ; 35.70 ; 24.60 ; 142.00 ; 5.68 
20/mar/2022;7.69159; 38.00 ; 37.39 ; 35.70 ; 24.60 ; 142.00 ; 5.68 
21/mar/2022;7.68837; 38.09 ; 34.47 ; 35.66 ; 22.70 ; 142.00 ; 5.68 
22/mar/2022;7.68464; 38.09 ; 34.47 ; 35.66 ; 22.70 ; 142.00 ; 5.68 
23/mar/2022;7.68438; 38.09 ; 34.47 ; 35.66 ; 22.70 ; 142.00 ; 5.68 
24/mar/2022;7.68270; 38.09 ; 34.47 ; 35.66 ; 22.70 ; 142.00 ; 5.68 
25/mar/2022;7.68169; 38.09 ; 34.47 ; 35.66 ; 22.70 ; 142.00 ; 5.68 
26/mar/2022;7.68169; 38.09 ; 34.47 ; 35.66 ; 22.70 ; 142.00 ; 5.68 
27/mar/2022;7.68169; 38.09 ; 34.47 ; 35.66 ; 22.70 ; 142.00 ; 5.68 
28/mar/2022;7.67889; 38.09 ; 34.47 ; 35.66 ; 22.70 ; 142.00 ; 5.68 
29/mar/2022;7.67830; 38.09 ; 34.47 ; 35.66 ; 22.70 ; 142.00 ; 5.68 
30/mar/2022;7.68052; 38.91 ; 38.31 ; 37.39 ; 25.10 ; 142.00 ; 5.68 
31/mar/2022;7.68025; 38.91 ; 38.31 ; 37.39 ; 25.10 ; 142.00 ; 5.68 
01/abr/2022;7.67947; 38.91 ; 38.31 ; 37.39 ; 25.10 ; 122.00 ; 4.88 
02/abr/2022;7.67947; 38.91 ; 38.31 ; 37.39 ; 25.10 ; 122.00 ; 4.88 
03/abr/2022;7.67947; 38.91 ; 38.31 ; 37.39 ; 25.10 ; 122.00 ; 4.88 
04/abr/2022;7.67499; 38.91 ; 38.31 ; 37.39 ; 25.10 ; 122.00 ; 4.88 
05/abr/2022;7.67298; 38.91 ; 38.31 ; 37.39 ; 25.10 ; 122.00 ; 4.88 
06/abr/2022;7.67500; 37.98 ; 35.09 ; 32.25 ; 23.66 ; 122.00 ; 4.88 
07/abr/2022;7.66993; 37.98 ; 35.09 ; 32.25 ; 23.66 ; 122.00 ; 4.88 
08/abr/2022;7.66874; 37.98 ; 35.09 ; 32.25 ; 23.66 ; 122.00 ; 4.88 
09/abr/2022;7.66874; 37.98 ; 35.09 ; 32.25 ; 23.66 ; 122.00 ; 4.88 
10/abr/2022;7.66874; 37.98 ; 35.09 ; 32.25 ; 23.66 ; 122.00 ; 4.88 
11/abr/2022;7.66512; 37.98 ; 35.09 ; 32.25 ; 23.66 ; 122.00 ; 4.88 
12/abr/2022;7.66356; 37.37 ; 34.23 ; 32.08 ; 22.94 ; 122.00 ; 4.88 
13/abr/2022;7.65901; 37.37 ; 34.23 ; 32.08 ; 22.94 ; 122.00 ; 4.88 
14/abr/2022;7.65901; 37.37 ; 34.23 ; 32.08 ; 22.94 ; 122.00 ; 4.88 
15/abr/2022;7.65901; 37.37 ; 34.23 ; 32.08 ; 22.94 ; 122.00 ; 4.88 
16/abr/2022;7.65901; 37.37 ; 34.23 ; 32.08 ; 22.94 ; 122.00 ; 4.88 
17/abr/2022;7.65901; 37.37 ; 34.23 ; 32.08 ; 22.94 ; 122.00 ; 4.88 
18/abr/2022;7.65849; 37.37 ; 34.23 ; 32.08 ; 22.94 ; 122.00 ; 4.88 
19/abr/2022;7.65599; 37.37 ; 34.23 ; 32.08 ; 22.94 ; 122.00 ; 4.88 
20/abr/2022;7.65576; 37.66 ; 34.65 ; 32.65 ; 22.94 ; 122.00 ; 4.88 
21/abr/2022;7.65446; 37.66 ; 34.65 ; 32.65 ; 22.94 ; 122.00 ; 4.88 
22/abr/2022;7.65309; 37.66 ; 34.65 ; 32.65 ; 22.94 ; 122.00 ; 4.88 
23/abr/2022;7.65309; 37.66 ; 34.65 ; 32.65 ; 22.94 ; 122.00 ; 4.88 
24/abr/2022;7.65309; 37.66 ; 34.65 ; 32.65 ; 22.94 ; 122.00 ; 4.88 
25/abr/2022;7.65090; 37.66 ; 34.65 ; 32.65 ; 22.94 ; 122.00 ; 4.88 
26/abr/2022;7.65144; 38.42 ; 35.38 ; 34.81 ; 23.42 ; 122.00 ; 4.88 
27/abr/2022;7.65353; 38.42 ; 35.38 ; 34.81 ; 23.42 ; 122.00 ; 4.88 
28/abr/2022;7.65775; 38.42 ; 35.38 ; 34.81 ; 23.42 ; 122.00 ; 4.88 
29/abr/2022;7.66517; 38.42 ; 35.38 ; 34.81 ; 23.42 ; 122.00 ; 4.88 
30/abr/2022;7.66517; 38.42 ; 35.38 ; 34.81 ; 23.42 ; 122.00 ; 4.88 
01/may/2022;7.66517; 38.42 ; 35.38 ; 34.81 ; 23.42 ; 122.00 ; 4.88 
02/may/2022;7.66517; 38.42 ; 35.38 ; 34.81 ; 23.42 ; 122.00 ; 4.88 
03/may/2022;7.66140; 38.42 ; 35.38 ; 34.81 ; 23.42 ; 122.00 ; 4.88 
04/may/2022;7.66582; 39.26 ; 36.16 ; 37.65 ; 23.27 ; 122.00 ; 4.88 
05/may/2022;7.67075; 39.26 ; 36.16 ; 37.65 ; 23.27 ; 122.00 ; 4.88 
06/may/2022;7.66795; 39.26 ; 36.16 ; 37.65 ; 23.27 ; 122.00 ; 4.88 
07/may/2022;7.66795; 39.26 ; 36.16 ; 37.65 ; 23.27 ; 122.00 ; 4.88 
08/may/2022;7.66795; 39.26 ; 36.16 ; 37.65 ; 23.27 ; 122.00 ; 4.88 
09/may/2022;7.66706; 39.26 ; 36.16 ; 37.65 ; 23.27 ; 122.00 ; 4.88 
10/may/2022;7.66326; 41.65 ; 38.55 ; 38.42 ; 23.57 ; 122.00 ; 4.88 
11/may/2022;7.66764; 41.65 ; 38.55 ; 38.42 ; 23.57 ; 122.00 ; 4.88 
12/may/2022;7.66945; 41.65 ; 38.55 ; 38.42 ; 23.57 ; 122.00 ; 4.88 
13/may/2022;7.66915; 41.65 ; 38.55 ; 38.42 ; 23.57 ; 122.00 ; 4.88 
14/may/2022;7.66915; 41.65 ; 38.55 ; 38.42 ; 23.57 ; 122.00 ; 4.88 
15/may/2022;7.66915; 41.65 ; 38.55 ; 38.42 ; 23.57 ; 122.00 ; 4.88 
16/may/2022;7.66475; 41.65 ; 38.55 ; 38.42 ; 23.57 ; 122.00 ; 4.88 
17/may/2022;7.66612; 43.24 ; 40.13 ; 35.32 ; 23.27 ; 122.00 ; 4.88 
18/may/2022;7.66642; 43.24 ; 40.13 ; 35.32 ; 23.27 ; 122.00 ; 4.88 
19/may/2022;7.66703; 43.24 ; 40.13 ; 35.32 ; 23.27 ; 122.00 ; 4.88 
20/may/2022;7.66692; 43.24 ; 40.13 ; 35.32 ; 23.27 ; 122.00 ; 4.88 
21/may/2022;7.66692; 43.24 ; 40.13 ; 35.32 ; 23.27 ; 122.00 ; 4.88 
22/may/2022;7.66692; 43.24 ; 40.13 ; 35.32 ; 23.27 ; 122.00 ; 4.88 
23/may/2022;7.66903; 43.24 ; 40.13 ; 35.32 ; 23.27 ; 122.00 ; 4.88 
24/may/2022;7.66774; 42.98 ; 39.87 ; 32.26 ; 24.15 ; 122.00 ; 4.88 
25/may/2022;7.67577; 42.98 ; 39.87 ; 32.26 ; 24.15 ; 122.00 ; 4.88 
26/may/2022;7.67318; 42.98 ; 39.87 ; 32.26 ; 24.15 ; 122.00 ; 4.88 
27/may/2022;7.68190; 42.98 ; 39.87 ; 32.26 ; 24.15 ; 122.00 ; 4.88 
28/may/2022;7.68190; 42.98 ; 39.87 ; 32.26 ; 24.15 ; 122.00 ; 4.88 
29/may/2022;7.68190; 42.98 ; 39.87 ; 32.26 ; 24.15 ; 122.00 ; 4.88 
30/may/2022;7.67765; 42.98 ; 39.87 ; 32.26 ; 24.15 ; 122.00 ; 4.88 
31/may/2022;7.68434; 39.14 ; 37.92 ; 30.50 ; 24.52 ; 122.00 ; 4.88 
01/jun/2022;7.69552; 39.14 ; 37.92 ; 30.50 ; 24.52 ; 122.00 ; 4.88 
02/jun/2022;7.70758; 39.14 ; 37.92 ; 30.50 ; 24.52 ; 122.00 ; 4.88 
03/jun/2022;7.71242; 39.14 ; 37.92 ; 30.50 ; 24.52 ; 122.00 ; 4.88 
04/jun/2022;7.71242; 39.14 ; 37.92 ; 30.50 ; 24.52 ; 122.00 ; 4.88 
05/jun/2022;7.71242; 39.14 ; 37.92 ; 30.50 ; 24.52 ; 122.00 ; 4.88 
06/jun/2022;7.70466; 39.14 ; 37.92 ; 30.50 ; 24.52 ; 122.00 ; 4.88 
07/jun/2022;7.70703; 39.71 ; 38.71 ; 32.87 ; 24.52 ; 122.00 ; 4.88 
08/jun/2022;7.72074; 39.71 ; 38.71 ; 32.87 ; 24.52 ; 122.00 ; 4.88 
09/jun/2022;7.72609; 39.71 ; 38.71 ; 32.87 ; 24.52 ; 122.00 ; 4.88 
10/jun/2022;7.73206; 39.71 ; 38.71 ; 32.87 ; 24.52 ; 122.00 ; 4.88 
11/jun/2022;7.73206; 39.71 ; 38.71 ; 32.87 ; 24.52 ; 122.00 ; 4.88 
12/jun/2022;7.73206; 39.71 ; 38.71 ; 32.87 ; 24.52 ; 122.00 ; 4.88 
13/jun/2022;7.73104; 39.71 ; 38.71 ; 32.87 ; 24.52 ; 122.00 ; 4.88 
14/jun/2022;7.73281; 41.51 ; 40.50 ; 35.44 ; 24.37 ; 122.00 ; 4.88 
15/jun/2022;7.73886; 41.51 ; 40.50 ; 35.44 ; 24.37 ; 122.00 ; 4.88 
16/jun/2022;7.73889; 41.51 ; 40.50 ; 35.44 ; 24.37 ; 122.00 ; 4.88 
17/jun/2022;7.74046; 41.51 ; 40.50 ; 35.44 ; 24.37 ; 122.00 ; 4.88 
18/jun/2022;7.74046; 41.51 ; 40.50 ; 35.44 ; 24.37 ; 122.00 ; 4.88 
19/jun/2022;7.74046; 41.51 ; 40.50 ; 35.44 ; 24.37 ; 122.00 ; 4.88 
20/jun/2022;7.74102; 41.51 ; 40.50 ; 35.44 ; 24.37 ; 122.00 ; 4.88 
21/jun/2022;7.74969; 40.63 ; 39.62 ; 36.89 ; 23.77 ; 122.00 ; 4.88 
22/jun/2022;7.74745; 40.63 ; 39.62 ; 36.89 ; 23.77 ; 122.00 ; 4.88 
23/jun/2022;7.75104; 40.63 ; 39.62 ; 36.89 ; 23.77 ; 122.00 ; 4.88 
24/jun/2022;7.75890; 40.63 ; 39.62 ; 36.89 ; 23.77 ; 122.00 ; 4.88 
25/jun/2022;7.75890; 40.63 ; 39.62 ; 36.89 ; 23.77 ; 122.00 ; 4.88 
26/jun/2022;7.75890; 40.63 ; 39.62 ; 36.89 ; 23.77 ; 122.00 ; 4.88 
27/jun/2022;7.75404; 40.63 ; 39.62 ; 36.89 ; 23.77 ; 122.00 ; 4.88 
28/jun/2022;7.75980; 39.43 ; 38.43 ; 36.40 ; 23.52 ; 122.00 ; 4.88 
29/jun/2022;7.75819; 39.43 ; 38.43 ; 36.40 ; 23.52 ; 122.00 ; 4.88 
30/jun/2022;7.75608; 39.43 ; 38.43 ; 36.40 ; 23.52 ; 122.00 ; 4.88 
01/jul/2022;7.75608; 39.43 ; 38.43 ; 36.40 ; 23.52 ; 122.00 ; 4.88 
02/jul/2022;7.75608; 39.43 ; 38.43 ; 36.40 ; 23.52 ; 122.00 ; 4.88 
03/jul/2022;7.75608; 39.43 ; 38.43 ; 36.40 ; 23.52 ; 122.00 ; 4.88 
04/jul/2022;7.75608; 39.43 ; 38.43 ; 36.40 ; 23.52 ; 122.00 ; 4.88 
05/jul/2022;7.75281; 39.17 ; 38.17 ; 33.88 ; 23.09 ; 122.00 ; 4.88 
06/jul/2022;7.74979; 39.17 ; 38.17 ; 33.88 ; 23.09 ; 122.00 ; 4.88 
07/jul/2022;7.74659; 39.17 ; 38.17 ; 33.88 ; 23.09 ; 122.00 ; 4.88 
08/jul/2022;7.74712; 39.17 ; 38.17 ; 33.88 ; 23.09 ; 122.00 ; 4.88 
09/jul/2022;7.74712; 39.17 ; 38.17 ; 33.88 ; 23.09 ; 122.00 ; 4.88 
10/jul/2022;7.74712; 39.17 ; 38.17 ; 33.88 ; 23.09 ; 122.00 ; 4.88 
11/jul/2022;7.74370; 39.17 ; 38.17 ; 33.88 ; 23.09 ; 122.00 ; 4.88 
12/jul/2022;7.74028; 36.56 ; 35.58 ; 31.30 ; 21.74 ; 122.00 ; 4.88 
13/jul/2022;7.73859; 36.56 ; 35.58 ; 31.30 ; 21.74 ; 122.00 ; 4.88 
14/jul/2022;7.73526; 36.56 ; 35.58 ; 31.30 ; 21.74 ; 122.00 ; 4.88 
15/jul/2022;7.73556; 36.56 ; 35.58 ; 31.30 ; 21.74 ; 122.00 ; 4.88 
16/jul/2022;7.73556; 36.56 ; 35.58 ; 31.30 ; 21.74 ; 122.00 ; 4.88 
17/jul/2022;7.73556; 36.56 ; 35.58 ; 31.30 ; 21.74 ; 122.00 ; 4.88 
18/jul/2022;7.73159; 36.56 ; 35.58 ; 31.30 ; 21.74 ; 122.00 ; 4.88 
19/jul/2022;7.72793; 33.66 ; 32.75 ; 31.01 ; 20.15 ; 122.00 ; 4.88 
20/jul/2022;7.73174; 33.66 ; 32.75 ; 31.01 ; 20.15 ; 122.00 ; 4.88 
21/jul/2022;7.72924; 33.66 ; 32.75 ; 31.01 ; 20.15 ; 122.00 ; 4.88 
22/jul/2022;7.73052; 33.66 ; 32.75 ; 31.01 ; 20.15 ; 122.00 ; 4.88 
23/jul/2022;7.73052; 33.66 ; 32.75 ; 31.01 ; 20.15 ; 122.00 ; 4.88 
24/jul/2022;7.73052; 33.66 ; 32.75 ; 31.01 ; 20.15 ; 122.00 ; 4.88 
25/jul/2022;7.72780; 33.66 ; 32.75 ; 31.01 ; 20.15 ; 122.00 ; 4.88 
26/jul/2022;7.72833; 32.69 ; 31.76 ; 29.90 ; 21.20 ; 122.00 ; 4.88 
27/jul/2022;7.73171; 32.69 ; 31.76 ; 29.90 ; 21.20 ; 122.00 ; 4.88 
28/jul/2022;7.73485; 32.69 ; 31.76 ; 29.90 ; 21.20 ; 122.00 ; 4.88 
29/jul/2022;7.73654; 32.69 ; 31.76 ; 29.90 ; 21.20 ; 122.00 ; 4.88 
30/jul/2022;7.73654; 32.69 ; 31.76 ; 29.90 ; 21.20 ; 122.00 ; 4.88 
31/jul/2022;7.73654; 32.69 ; 31.76 ; 29.90 ; 21.20 ; 122.00 ; 4.88 
01/ago/2022;7.72946; 32.69 ; 31.76 ; 29.90 ; 21.20 ; 122.00 ; 4.88 
02/ago/2022;7.72848; 32.37 ; 31.47 ; 29.37 ; 22.05 ; 122.00 ; 4.88 
03/ago/2022;7.73292; 32.37 ; 31.47 ; 29.37 ; 22.05 ; 122.00 ; 4.88 
04/ago/2022;7.73330; 32.37 ; 31.47 ; 29.37 ; 22.05 ; 122.00 ; 4.88 
05/ago/2022;7.73337; 32.37 ; 31.47 ; 29.37 ; 22.05 ; 122.00 ; 4.88 
06/ago/2022;7.73337; 32.37 ; 31.47 ; 29.37 ; 22.05 ; 122.00 ; 4.88 
07/ago/2022;7.73337; 32.37 ; 31.47 ; 29.37 ; 22.05 ; 122.00 ; 4.88 
08/ago/2022;7.72989; 32.37 ; 31.47 ; 29.37 ; 22.05 ; 122.00 ; 4.88 
09/ago/2022;7.72580; 35.64 ; 34.75 ; 33.98 ; 21.35 ; 122.00 ; 4.88 
10/ago/2022;7.73248; 35.64 ; 34.75 ; 33.98 ; 21.35 ; 122.00 ; 4.88 
11/ago/2022;7.73132; 35.64 ; 34.75 ; 33.98 ; 21.35 ; 122.00 ; 4.88 
12/ago/2022;7.73400; 35.64 ; 34.75 ; 33.98 ; 21.35 ; 122.00 ; 4.88 
13/ago/2022;7.73400; 35.64 ; 34.75 ; 33.98 ; 21.35 ; 122.00 ; 4.88 
14/ago/2022;7.73400; 35.64 ; 34.75 ; 33.98 ; 21.35 ; 122.00 ; 4.88 
15/ago/2022;7.73400; 35.64 ; 34.75 ; 33.98 ; 21.35 ; 122.00 ; 4.88 
16/ago/2022;7.72649; 36.32 ; 35.39 ; 35.10 ; 21.13 ; 122.00 ; 4.88 
17/ago/2022;7.72851; 36.32 ; 35.39 ; 35.10 ; 21.13 ; 122.00 ; 4.88 
18/ago/2022;7.73095; 36.32 ; 35.39 ; 35.10 ; 21.13 ; 122.00 ; 4.88 
19/ago/2022;7.72780; 36.32 ; 35.39 ; 35.10 ; 21.13 ; 122.00 ; 4.88 
20/ago/2022;7.72780; 36.32 ; 35.39 ; 35.10 ; 21.13 ; 122.00 ; 4.88 
21/ago/2022;7.72780; 36.32 ; 35.39 ; 35.10 ; 21.13 ; 122.00 ; 4.88 
22/ago/2022;7.72716; 36.32 ; 35.39 ; 35.10 ; 21.13 ; 122.00 ; 4.88 
23/ago/2022;7.72815; 35.65 ; 34.72 ; 35.80 ; 19.88 ; 122.00 ; 4.88 
24/ago/2022;7.73053; 35.65 ; 34.72 ; 35.80 ; 19.88 ; 122.00 ; 4.88 
25/ago/2022;7.73380; 35.65 ; 34.72 ; 35.80 ; 19.88 ; 122.00 ; 4.88 
26/ago/2022;7.73368; 35.65 ; 34.72 ; 35.80 ; 19.88 ; 122.00 ; 4.88 
27/ago/2022;7.73368; 35.65 ; 34.72 ; 35.80 ; 19.88 ; 122.00 ; 4.88 
28/ago/2022;7.73368; 35.65 ; 34.72 ; 35.80 ; 19.88 ; 122.00 ; 4.88 
29/ago/2022;7.73147; 35.65 ; 34.72 ; 35.80 ; 19.88 ; 122.00 ; 4.88 
30/ago/2022;7.73099; 35.55 ; 34.62 ; 35.19 ; 20.06 ; 122.00 ; 4.88 
31/ago/2022;7.73819; 35.55 ; 34.62 ; 35.19 ; 20.06 ; 122.00 ; 4.88 
01/sep/2022;7.74080; 35.55 ; 34.62 ; 35.19 ; 20.06 ; 142.00 ; 5.68 
02/sep/2022;7.74268; 35.55 ; 34.62 ; 35.19 ; 20.06 ; 142.00 ; 5.68 
03/sep/2022;7.74268; 35.55 ; 34.62 ; 35.19 ; 20.06 ; 142.00 ; 5.68 
04/sep/2022;7.74268; 35.55 ; 34.62 ; 35.19 ; 20.06 ; 142.00 ; 5.68 
05/sep/2022;7.74108; 34.49 ; 33.58 ; 32.24 ; 19.45 ; 142.00 ; 5.68 
06/sep/2022;7.75755; 34.49 ; 33.58 ; 32.24 ; 19.45 ; 142.00 ; 5.68 
07/sep/2022;7.75842; 34.49 ; 33.58 ; 32.24 ; 19.45 ; 142.00 ; 5.68 
08/sep/2022;7.77893; 34.49 ; 33.58 ; 32.24 ; 19.45 ; 142.00 ; 5.68 
09/sep/2022;7.79688; 34.49 ; 33.58 ; 32.24 ; 19.45 ; 142.00 ; 5.68 
10/sep/2022;7.79688; 34.49 ; 33.58 ; 32.24 ; 19.45 ; 142.00 ; 5.68 
11/sep/2022;7.79688; 34.49 ; 33.58 ; 32.24 ; 19.45 ; 142.00 ; 5.68 
12/sep/2022;7.78774; 34.16 ; 33.24 ; 31.41 ; 19.45 ; 142.00 ; 5.68 
13/sep/2022;7.78898; 34.16 ; 33.24 ; 31.41 ; 19.45 ; 142.00 ; 5.68 
14/sep/2022;7.79585; 34.16 ; 33.24 ; 31.41 ; 19.45 ; 142.00 ; 5.68 
15/sep/2022;7.79585; 34.16 ; 33.24 ; 31.41 ; 19.45 ; 142.00 ; 5.68 
16/sep/2022;7.79626; 34.16 ; 33.24 ; 31.41 ; 19.45 ; 142.00 ; 5.68 
17/sep/2022;7.79626; 34.16 ; 33.24 ; 31.41 ; 19.45 ; 142.00 ; 5.68 
18/sep/2022;7.79626; 34.16 ; 33.24 ; 31.41 ; 19.45 ; 142.00 ; 5.68 
19/sep/2022;7.79986; 34.12 ; 33.22 ; 30.00 ; 17.57 ; 142.00 ; 5.68 
20/sep/2022;7.80091; 34.12 ; 33.22 ; 30.00 ; 17.57 ; 142.00 ; 5.68 
21/sep/2022;7.81384; 34.12 ; 33.22 ; 30.00 ; 17.57 ; 142.00 ; 5.68 
22/sep/2022;7.82975; 34.12 ; 33.22 ; 30.00 ; 17.57 ; 142.00 ; 5.68 
23/sep/2022;7.84200; 34.12 ; 33.22 ; 30.00 ; 17.57 ; 142.00 ; 5.68 
24/sep/2022;7.84200; 34.12 ; 33.22 ; 30.00 ; 17.57 ; 142.00 ; 5.68 
25/sep/2022;7.84200; 34.12 ; 33.22 ; 30.00 ; 17.57 ; 142.00 ; 5.68 
26/sep/2022;7.84218; 34.18 ; 33.28 ; 29.16 ; 16.92 ; 142.00 ; 5.68 
27/sep/2022;7.84578; 34.18 ; 33.28 ; 29.16 ; 16.92 ; 142.00 ; 5.68 
28/sep/2022;7.85501; 34.18 ; 33.28 ; 29.16 ; 16.92 ; 142.00 ; 5.68 
29/sep/2022;7.86284; 34.18 ; 33.28 ; 29.16 ; 16.92 ; 142.00 ; 5.68 
30/sep/2022;7.88368; 34.18 ; 33.28 ; 29.16 ; 16.92 ; 142.00 ; 5.68 
01/oct/2022;7.88368; 34.18 ; 33.28 ; 29.16 ; 16.92 ; 122.00 ; 4.88 
02/oct/2022;7.88368; 34.18 ; 33.28 ; 29.16 ; 16.92 ; 122.00 ; 4.88 
03/oct/2022;7.89856; 34.16 ; 33.27 ; 32.33 ; 15.92 ; 122.00 ; 4.88 
04/oct/2022;7.90963; 34.16 ; 33.27 ; 32.33 ; 15.92 ; 122.00 ; 4.88 
05/oct/2022;7.91233; 34.16 ; 33.27 ; 32.33 ; 15.92 ; 122.00 ; 4.88 
06/oct/2022;7.90260; 35.19 ; 34.29 ; 35.89 ; 15.92 ; 122.00 ; 4.88 
07/oct/2022;7.89334; 35.19 ; 34.29 ; 35.89 ; 15.92 ; 122.00 ; 4.88 
08/oct/2022;7.89334; 35.19 ; 34.29 ; 35.89 ; 15.92 ; 122.00 ; 4.88 
09/oct/2022;7.89334; 35.19 ; 34.29 ; 35.89 ; 15.92 ; 122.00 ; 4.88 
10/oct/2022;7.87662; 36.92 ; 35.99 ; 38.46 ; 16.22 ; 122.00 ; 4.88 
11/oct/2022;7.87570; 36.92 ; 35.99 ; 38.46 ; 16.22 ; 122.00 ; 4.88 
12/oct/2022;7.87570; 36.92 ; 35.99 ; 38.46 ; 16.22 ; 122.00 ; 4.88 
13/oct/2022;7.86625; 36.92 ; 35.99 ; 38.46 ; 16.22 ; 122.00 ; 4.88 
14/oct/2022;7.86252; 36.92 ; 35.99 ; 38.46 ; 16.22 ; 122.00 ; 4.88 
15/oct/2022;7.86252; 36.92 ; 35.99 ; 38.46 ; 16.22 ; 122.00 ; 4.88 
16/oct/2022;7.86252; 36.92 ; 35.99 ; 38.46 ; 16.22 ; 122.00 ; 4.88 
17/oct/2022;7.85768; 37.14 ; 36.23 ; 41.27 ; 15.37 ; 122.00 ; 4.88 
18/oct/2022;7.85275; 37.14 ; 36.23 ; 41.27 ; 15.37 ; 122.00 ; 4.88 
19/oct/2022;7.85157; 37.14 ; 36.23 ; 41.27 ; 15.37 ; 122.00 ; 4.88 
20/oct/2022;7.85157; 37.14 ; 36.23 ; 41.27 ; 15.37 ; 122.00 ; 4.88 
21/oct/2022;7.84831; 37.14 ; 36.23 ; 41.27 ; 15.37 ; 122.00 ; 4.88 
22/oct/2022;7.84831; 37.14 ; 36.23 ; 41.27 ; 15.37 ; 122.00 ; 4.88 
23/oct/2022;7.84831; 37.14 ; 36.23 ; 41.27 ; 15.37 ; 122.00 ; 4.88 
24/oct/2022;7.84248; 37.17 ; 36.27 ; 41.25 ; 16.07 ; 122.00 ; 4.88 
25/oct/2022;7.84511; 37.17 ; 36.27 ; 41.25 ; 16.07 ; 122.00 ; 4.88 
26/oct/2022;7.84399; 37.17 ; 36.27 ; 41.25 ; 16.07 ; 122.00 ; 4.88 
27/oct/2022;7.83655; 37.17 ; 36.27 ; 41.25 ; 16.07 ; 122.00 ; 4.88 
28/oct/2022;7.83772; 37.17 ; 36.27 ; 41.25 ; 16.07 ; 122.00 ; 4.88 
29/oct/2022;7.83772; 37.17 ; 36.27 ; 41.25 ; 16.07 ; 122.00 ; 4.88 
30/oct/2022;7.83772; 37.17 ; 36.27 ; 41.25 ; 16.07 ; 122.00 ; 4.88 
31/oct/2022;7.82857; 37.17 ; 36.27 ; 41.25 ; 16.37 ; 122.00 ; 4.88 
01/nov/2022;7.82857; 37.17 ; 36.27 ; 41.25 ; 16.37 ; 122.00 ; 4.88 
02/nov/2022;7.82497; 36.75 ; 35.57 ; 39.90 ; 16.37 ; 122.00 ; 4.88 
03/nov/2022;7.82784; 36.75 ; 35.57 ; 39.90 ; 16.37 ; 122.00 ; 4.88 
04/nov/2022;7.82196; 36.75 ; 35.57 ; 39.90 ; 16.37 ; 122.00 ; 4.88 
05/nov/2022;7.82196; 36.75 ; 35.57 ; 39.90 ; 16.37 ; 122.00 ; 4.88 
06/nov/2022;7.82196; 36.75 ; 35.57 ; 39.90 ; 16.37 ; 122.00 ; 4.88 
07/nov/2022;7.81898; 36.70 ; 35.50 ; 39.82 ; 17.37 ; 122.00 ; 4.88 
08/nov/2022;7.81314; 36.70 ; 35.50 ; 39.82 ; 17.37 ; 122.00 ; 4.88 
09/nov/2022;7.81259; 36.70 ; 35.50 ; 39.82 ; 17.37 ; 122.00 ; 4.88 
10/nov/2022;7.81160; 36.70 ; 35.50 ; 39.82 ; 17.37 ; 122.00 ; 4.88 
11/nov/2022;7.80692; 36.70 ; 35.50 ; 39.82 ; 17.37 ; 122.00 ; 4.88 
12/nov/2022;7.80692; 36.70 ; 35.50 ; 39.82 ; 17.37 ; 122.00 ; 4.88 
13/nov/2022;7.80692; 36.70 ; 35.50 ; 39.82 ; 17.37 ; 122.00 ; 4.88 
14/nov/2022;7.80536; 37.37 ; 35.87 ; 40.59 ; 17.87 ; 122.00 ; 4.88 
15/nov/2022;7.79823; 37.37 ; 35.87 ; 40.59 ; 17.87 ; 122.00 ; 4.88 
16/nov/2022;7.79839; 37.37 ; 35.87 ; 40.59 ; 17.87 ; 122.00 ; 4.88 
17/nov/2022;7.79936; 37.37 ; 35.87 ; 40.59 ; 17.87 ; 122.00 ; 4.88 
18/nov/2022;7.79773; 37.37 ; 35.87 ; 40.59 ; 17.87 ; 122.00 ; 4.88 
19/nov/2022;7.79773; 37.37 ; 35.87 ; 40.59 ; 17.87 ; 122.00 ; 4.88 
20/nov/2022;7.79773; 37.37 ; 35.87 ; 40.59 ; 17.87 ; 122.00 ; 4.88 
21/nov/2022;7.79372; 36.14 ; 34.54 ; 38.17 ; 17.27 ; 122.00 ; 4.88 
22/nov/2022;7.80497; 36.14 ; 34.54 ; 38.17 ; 17.27 ; 122.00 ; 4.88 
23/nov/2022;7.81468; 36.14 ; 34.54 ; 38.17 ; 17.27 ; 122.00 ; 4.88 
24/nov/2022;7.81830; 36.14 ; 34.54 ; 38.17 ; 17.27 ; 122.00 ; 4.88 
25/nov/2022;7.82619; 36.14 ; 34.54 ; 38.17 ; 17.27 ; 122.00 ; 4.88 
26/nov/2022;7.82619; 36.14 ; 34.54 ; 38.17 ; 17.27 ; 122.00 ; 4.88 
27/nov/2022;7.82619; 36.14 ; 34.54 ; 38.17 ; 17.27 ; 122.00 ; 4.88 
28/nov/2022;7.81998; 34.94 ; 33.32 ; 35.96 ; 17.27 ; 122.00 ; 4.88 
29/nov/2022;7.82766; 34.94 ; 33.32 ; 35.96 ; 17.27 ; 122.00 ; 4.88 
30/nov/2022;7.84134; 34.94 ; 33.32 ; 35.96 ; 17.27 ; 122.00 ; 4.88 
01/dic/2022;7.84143; 34.94 ; 33.32 ; 35.96 ; 17.27 ; 122.00 ; 4.88 
02/dic/2022;7.85875; 34.94 ; 33.32 ; 35.96 ; 17.27 ; 122.00 ; 4.88 
03/dic/2022;7.85875; 34.94 ; 33.32 ; 35.96 ; 17.27 ; 122.00 ; 4.88 
04/dic/2022;7.85875; 34.94 ; 33.32 ; 35.96 ; 17.27 ; 122.00 ; 4.88 
05/dic/2022;7.87534; 34.50 ; 32.90 ; 35.58 ; 15.97 ; 122.00 ; 4.88 
06/dic/2022;7.90912; 34.50 ; 32.90 ; 35.58 ; 15.97 ; 122.00 ; 4.88 
07/dic/2022;7.93024; 34.50 ; 32.90 ; 35.58 ; 15.97 ; 122.00 ; 4.88 
08/dic/2022;7.90901; 34.50 ; 32.90 ; 35.58 ; 15.97 ; 122.00 ; 4.88 
09/dic/2022;7.89634; 34.50 ; 32.90 ; 35.58 ; 15.97 ; 122.00 ; 4.88 
10/dic/2022;7.89634; 34.50 ; 32.90 ; 35.58 ; 15.97 ; 122.00 ; 4.88 
11/dic/2022;7.89634; 34.50 ; 32.90 ; 35.58 ; 15.97 ; 122.00 ; 4.88 
12/dic/2022;7.88174; 33.98 ; 32.39 ; 34.80 ; 15.37 ; 122.00 ; 4.88 
13/dic/2022;7.87402; 33.98 ; 32.39 ; 34.80 ; 15.37 ; 122.00 ; 4.88 
14/dic/2022;7.87702; 33.98 ; 32.39 ; 34.80 ; 15.37 ; 122.00 ; 4.88 
15/dic/2022;7.86627; 33.98 ; 32.39 ; 34.80 ; 15.37 ; 122.00 ; 4.88 
16/dic/2022;7.86912; 33.98 ; 32.39 ; 34.80 ; 15.37 ; 122.00 ; 4.88 
17/dic/2022;7.86912; 33.98 ; 32.39 ; 34.80 ; 15.37 ; 122.00 ; 4.88 
18/dic/2022;7.86912; 33.98 ; 32.39 ; 34.80 ; 15.37 ; 122.00 ; 4.88 
19/dic/2022;7.85836; 33.48 ; 31.96 ; 33.95 ; 15.69 ; 122.00 ; 4.88 
20/dic/2022;7.85599; 33.48 ; 31.96 ; 33.95 ; 15.69 ; 122.00 ; 4.88 
21/dic/2022;7.85419; 33.48 ; 31.96 ; 33.95 ; 15.69 ; 122.00 ; 4.88 
22/dic/2022;7.85527; 33.48 ; 31.96 ; 33.95 ; 15.69 ; 122.00 ; 4.88 
23/dic/2022;7.84914; 33.48 ; 31.96 ; 33.95 ; 15.69 ; 122.00 ; 4.88 
24/dic/2022;7.84914; 33.48 ; 31.96 ; 33.95 ; 15.69 ; 122.00 ; 4.88 
25/dic/2022;7.84914; 33.48 ; 31.96 ; 33.95 ; 15.69 ; 122.00 ; 4.88 
26/dic/2022;7.84914; 33.48 ; 31.96 ; 33.95 ; 15.69 ; 122.00 ; 4.88 
27/dic/2022;7.84739; 32.55 ; 30.99 ; 33.75 ; 15.99 ; 122.00 ; 4.88 
28/dic/2022;7.85028; 32.55 ; 30.99 ; 33.75 ; 15.99 ; 122.00 ; 4.88 
29/dic/2022;7.85222; 32.55 ; 30.99 ; 33.75 ; 15.99 ; 122.00 ; 4.88 
30/dic/2022;7.85222; 32.55 ; 30.99 ; 33.75 ; 15.99 ; 122.00 ; 4.88 
31/dic/2022;7.85222; 32.55 ; 30.99 ; 33.75 ; 15.99 ; 122.00 ; 4.88 
01/ene/2023;7.85222; 32.55 ; 30.99 ; 33.75 ; 15.99 ; 122.00 ; 4.88 
02/ene/2023;7.85222; 32.55 ; 30.99 ; 33.75 ; 15.99 ; 122.00 ; 4.88 
03/ene/2023;7.84773; 32.56 ; 31.42 ; 35.31 ; 16.39 ; 122.00 ; 4.88 
04/ene/2023;7.84906; 32.56 ; 31.42 ; 35.31 ; 16.39 ; 122.00 ; 4.88 
05/ene/2023;7.85221; 32.56 ; 31.42 ; 35.31 ; 16.39 ; 122.00 ; 4.88 
06/ene/2023;7.84856; 32.56 ; 31.42 ; 35.31 ; 16.39 ; 122.00 ; 4.88 
07/ene/2023;7.84856; 32.56 ; 31.42 ; 35.31 ; 16.39 ; 122.00 ; 4.88 
08/ene/2023;7.84856; 32.56 ; 31.42 ; 35.31 ; 16.39 ; 122.00 ; 4.88 
09/ene/2023;7.84628; 33.00 ; 31.60 ; 35.98 ; 16.39 ; 122.00 ; 4.88 
10/ene/2023;7.84395; 33.00 ; 31.60 ; 35.98 ; 16.39 ; 122.00 ; 4.88 
11/ene/2023;7.84880; 33.00 ; 31.60 ; 35.98 ; 16.39 ; 122.00 ; 4.88 
12/ene/2023;7.85000; 33.00 ; 31.60 ; 35.98 ; 16.39 ; 122.00 ; 4.88 
13/ene/2023;7.84942; 33.00 ; 31.60 ; 35.98 ; 16.39 ; 122.00 ; 4.88 
14/ene/2023;7.84942; 33.00 ; 31.60 ; 35.98 ; 16.39 ; 122.00 ; 4.88 
15/ene/2023;7.84942; 33.00 ; 31.60 ; 35.98 ; 16.39 ; 122.00 ; 4.88 
16/ene/2023;7.84319; 33.96 ; 32.58 ; 35.96 ; 15.99 ; 122.00 ; 4.88 
17/ene/2023;7.84762; 33.96 ; 32.58 ; 35.96 ; 15.99 ; 122.00 ; 4.88 
18/ene/2023;7.84834; 33.96 ; 32.58 ; 35.96 ; 15.99 ; 122.00 ; 4.88 
19/ene/2023;7.85007; 33.96 ; 32.58 ; 35.96 ; 15.99 ; 122.00 ; 4.88 
20/ene/2023;7.85078; 33.96 ; 32.58 ; 35.96 ; 15.99 ; 122.00 ; 4.88 
21/ene/2023;7.85078; 33.96 ; 32.58 ; 35.96 ; 15.99 ; 122.00 ; 4.88 
22/ene/2023;7.85078; 33.96 ; 32.58 ; 35.96 ; 15.99 ; 122.00 ; 4.88 
23/ene/2023;7.84295; 35.02 ; 33.63 ; 35.54 ; 16.39 ; 122.00 ; 4.88 
24/ene/2023;7.84379; 35.02 ; 33.63 ; 35.54 ; 16.39 ; 122.00 ; 4.88 
25/ene/2023;7.84883; 35.02 ; 33.63 ; 35.54 ; 16.39 ; 122.00 ; 4.88 
26/ene/2023;7.85069; 35.02 ; 33.63 ; 35.54 ; 16.39 ; 122.00 ; 4.88 
27/ene/2023;7.85212; 35.02 ; 33.63 ; 35.54 ; 16.39 ; 122.00 ; 4.88 
28/ene/2023;7.85212; 35.02 ; 33.63 ; 35.54 ; 16.39 ; 122.00 ; 4.88 
29/ene/2023;7.85212; 35.02 ; 33.63 ; 35.54 ; 16.39 ; 122.00 ; 4.88 
30/ene/2023;7.84886; 35.66 ; 34.26 ; 36.18 ; 16.23 ; 122.00 ; 4.88 
31/ene/2023;7.84855; 35.66 ; 34.26 ; 36.18 ; 16.23 ; 122.00 ; 4.88 
01/feb/2023;7.84957; 35.66 ; 34.26 ; 36.18 ; 16.23 ; 135.00 ; 5.40 
02/feb/2023;7.84667; 35.66 ; 34.26 ; 36.18 ; 16.23 ; 135.00 ; 5.40 
03/feb/2023;7.84714; 35.66 ; 34.26 ; 36.18 ; 16.23 ; 135.00 ; 5.40 
04/feb/2023;7.84714; 35.66 ; 34.26 ; 36.18 ; 16.23 ; 135.00 ; 5.40 
05/feb/2023;7.84714; 35.66 ; 34.26 ; 36.18 ; 16.23 ; 135.00 ; 5.40 
06/feb/2023;7.84306; 34.94 ; 33.49 ; 35.29 ; 15.63 ; 135.00 ; 5.40 
07/feb/2023;7.84298; 34.94 ; 33.49 ; 35.29 ; 15.63 ; 135.00 ; 5.40 
08/feb/2023;7.84282; 34.94 ; 33.49 ; 35.29 ; 15.63 ; 135.00 ; 5.40 
09/feb/2023;7.84208; 34.94 ; 33.49 ; 35.29 ; 15.63 ; 135.00 ; 5.40 
10/feb/2023;7.83792; 34.94 ; 33.49 ; 35.29 ; 15.63 ; 135.00 ; 5.40 
11/feb/2023;7.83792; 34.94 ; 33.49 ; 35.29 ; 15.63 ; 135.00 ; 5.40 
12/feb/2023;7.83792; 34.94 ; 33.49 ; 35.29 ; 15.63 ; 135.00 ; 5.40 
13/feb/2023;7.83567; 34.23 ; 32.74 ; 33.54 ; 16.39 ; 135.00 ; 5.40 
14/feb/2023;7.83256; 34.23 ; 32.74 ; 33.54 ; 16.39 ; 135.00 ; 5.40 
15/feb/2023;7.83130; 34.23 ; 32.74 ; 33.54 ; 16.39 ; 135.00 ; 5.40 
16/feb/2023;7.82864; 34.23 ; 32.74 ; 33.54 ; 16.39 ; 135.00 ; 5.40 
17/feb/2023;7.82638; 34.23 ; 32.74 ; 33.54 ; 16.39 ; 135.00 ; 5.40 
18/feb/2023;7.82638; 34.23 ; 32.74 ; 33.54 ; 16.39 ; 135.00 ; 5.40 
19/feb/2023;7.82638; 34.23 ; 32.74 ; 33.54 ; 16.39 ; 135.00 ; 5.40 
20/feb/2023;7.81821; 33.74 ; 32.24 ; 32.14 ; 15.93 ; 135.00 ; 5.40 
21/feb/2023;7.82129; 33.74 ; 32.24 ; 32.14 ; 15.93 ; 135.00 ; 5.40 
22/feb/2023;7.81596; 33.74 ; 32.24 ; 32.14 ; 15.93 ; 135.00 ; 5.40 
23/feb/2023;7.81696; 33.74 ; 32.24 ; 32.14 ; 15.93 ; 135.00 ; 5.40 
24/feb/2023;7.81790; 33.74 ; 32.24 ; 32.14 ; 15.93 ; 135.00 ; 5.40 
25/feb/2023;7.81790; 33.74 ; 32.24 ; 32.14 ; 15.93 ; 135.00 ; 5.40 
26/feb/2023;7.81790; 33.74 ; 32.24 ; 32.14 ; 15.93 ; 135.00 ; 5.40 
27/feb/2023;7.81549; 33.33 ; 31.84 ; 31.11 ; 15.58 ; 135.00 ; 5.40 
28/feb/2023;7.81493; 33.33 ; 31.84 ; 31.11 ; 15.58 ; 135.00 ; 5.40 
01/mar/2023;7.81525; 33.33 ; 31.84 ; 31.11 ; 15.58 ; 135.00 ; 5.40 
02/mar/2023;7.81859; 33.33 ; 31.84 ; 31.11 ; 15.58 ; 135.00 ; 5.40 
03/mar/2023;7.81359; 33.33 ; 31.84 ; 31.11 ; 15.58 ; 135.00 ; 5.40 
04/mar/2023;7.81359; 33.33 ; 31.84 ; 31.11 ; 15.58 ; 135.00 ; 5.40 
05/mar/2023;7.81359; 33.33 ; 31.84 ; 31.11 ; 15.58 ; 135.00 ; 5.40 
06/mar/2023;7.81199; 33.30 ; 31.80 ; 31.00 ; 16.58 ; 135.00 ; 5.40 
07/mar/2023;7.80397; 33.30 ; 31.80 ; 31.00 ; 16.58 ; 135.00 ; 5.40 
08/mar/2023;7.80973; 33.30 ; 31.80 ; 31.00 ; 16.58 ; 135.00 ; 5.40 
09/mar/2023;7.80754; 33.30 ; 31.80 ; 31.00 ; 16.58 ; 135.00 ; 5.40 
10/mar/2023;7.80715; 33.30 ; 31.80 ; 31.00 ; 16.58 ; 135.00 ; 5.40 
11/mar/2023;7.80715; 33.30 ; 31.80 ; 31.00 ; 16.58 ; 135.00 ; 5.40 
12/mar/2023;7.80715; 33.30 ; 31.80 ; 31.00 ; 16.58 ; 135.00 ; 5.40 
13/mar/2023;7.79947; 33.77 ; 32.18 ; 31.01 ; 16.82 ; 135.00 ; 5.40 
14/mar/2023;7.79731; 33.77 ; 32.18 ; 31.01 ; 16.82 ; 135.00 ; 5.40 
15/mar/2023;7.79834; 33.77 ; 32.18 ; 31.01 ; 16.82 ; 135.00 ; 5.40 
16/mar/2023;7.80412; 33.77 ; 32.18 ; 31.01 ; 16.82 ; 115.00 ; 4.60 
17/mar/2023;7.80243; 33.77 ; 32.18 ; 31.01 ; 16.82 ; 115.00 ; 4.60 
18/mar/2023;7.80243; 33.77 ; 32.18 ; 31.01 ; 16.82 ; 115.00 ; 4.60 
19/mar/2023;7.80243; 33.77 ; 32.18 ; 31.01 ; 16.82 ; 115.00 ; 4.60 
20/mar/2023;7.79631; 33.04 ; 31.45 ; 30.63 ; 15.82 ; 115.00 ; 4.60 
21/mar/2023;7.79352; 33.04 ; 31.45 ; 30.63 ; 15.82 ; 115.00 ; 4.60 
22/mar/2023;7.80256; 33.04 ; 31.45 ; 30.63 ; 15.82 ; 115.00 ; 4.60 
23/mar/2023;7.80387; 33.04 ; 31.45 ; 30.63 ; 15.82 ; 115.00 ; 4.60 
24/mar/2023;7.80518; 33.04 ; 31.45 ; 30.63 ; 15.82 ; 115.00 ; 4.60 
25/mar/2023;7.80518; 33.04 ; 31.45 ; 30.63 ; 15.82 ; 115.00 ; 4.60 
26/mar/2023;7.80518; 33.04 ; 31.45 ; 30.63 ; 15.82 ; 115.00 ; 4.60 
27/mar/2023;7.79869; 33.49 ; 31.88 ; 30.01 ; 16.12 ; 115.00 ; 4.60 
28/mar/2023;7.79912; 33.49 ; 31.88 ; 30.01 ; 16.12 ; 115.00 ; 4.60 
29/mar/2023;7.80317; 33.49 ; 31.88 ; 30.01 ; 16.12 ; 115.00 ; 4.60 
30/mar/2023;7.80234; 33.49 ; 31.88 ; 30.01 ; 16.12 ; 115.00 ; 4.60 
31/mar/2023;7.80335; 33.49 ; 31.88 ; 30.01 ; 16.12 ; 115.00 ; 4.60 
01/abr/2023;7.80335; 33.49 ; 31.88 ; 30.01 ; 16.12 ; 115.00 ; 4.60 
02/abr/2023;7.80335; 33.49 ; 31.88 ; 30.01 ; 16.12 ; 115.00 ; 4.60 
03/abr/2023;7.79691; 34.46 ; 32.86 ; 30.02 ; 17.62 ; 115.00 ; 4.60 
04/abr/2023;7.79431; 34.46 ; 32.86 ; 30.02 ; 17.62 ; 115.00 ; 4.60 
05/abr/2023;7.79329; 34.46 ; 32.86 ; 30.02 ; 17.62 ; 115.00 ; 4.60 
06/abr/2023;7.79329; 34.46 ; 32.86 ; 30.02 ; 17.62 ; 115.00 ; 4.60 
07/abr/2023;7.79329; 34.46 ; 32.86 ; 30.02 ; 17.62 ; 115.00 ; 4.60 
08/abr/2023;7.79329; 34.46 ; 32.86 ; 30.02 ; 17.62 ; 115.00 ; 4.60 
09/abr/2023;7.79329; 34.46 ; 32.86 ; 30.02 ; 17.62 ; 115.00 ; 4.60 
10/abr/2023;7.79921; 34.99 ; 33.40 ; 30.00 ; 18.82 ; 115.00 ; 4.60 
11/abr/2023;7.79501; 34.99 ; 33.40 ; 30.00 ; 18.82 ; 115.00 ; 4.60 
12/abr/2023;7.79866; 34.99 ; 33.40 ; 30.00 ; 18.82 ; 115.00 ; 4.60 
13/abr/2023;7.79625; 34.99 ; 33.40 ; 30.00 ; 18.82 ; 115.00 ; 4.60 
14/abr/2023;7.80261; 34.99 ; 33.40 ; 30.00 ; 18.82 ; 115.00 ; 4.60 
15/abr/2023;7.80261; 34.99 ; 33.40 ; 30.00 ; 18.82 ; 115.00 ; 4.60 
16/abr/2023;7.80261; 34.99 ; 33.40 ; 30.00 ; 18.82 ; 115.00 ; 4.60 
17/abr/2023;7.80060; 35.98 ; 34.36 ; 29.78 ; 19.12 ; 115.00 ; 4.60 
18/abr/2023;7.79670; 35.98 ; 34.36 ; 29.78 ; 19.12 ; 115.00 ; 4.60 
19/abr/2023;7.79898; 35.98 ; 34.36 ; 29.78 ; 19.12 ; 115.00 ; 4.60 
20/abr/2023;7.79925; 35.98 ; 34.36 ; 29.78 ; 19.12 ; 115.00 ; 4.60 
21/abr/2023;7.79964; 35.98 ; 34.36 ; 29.78 ; 19.12 ; 115.00 ; 4.60 
22/abr/2023;7.79964; 35.98 ; 34.36 ; 29.78 ; 19.12 ; 115.00 ; 4.60 
23/abr/2023;7.79964; 35.98 ; 34.36 ; 29.78 ; 19.12 ; 115.00 ; 4.60 
24/abr/2023;7.79702; 35.91 ; 34.31 ; 29.32 ; 18.67 ; 115.00 ; 4.60 
25/abr/2023;7.79572; 35.91 ; 34.31 ; 29.32 ; 18.67 ; 115.00 ; 4.60 
26/abr/2023;7.80198; 35.91 ; 34.31 ; 29.32 ; 18.67 ; 115.00 ; 4.60 
27/abr/2023;7.80424; 35.91 ; 34.31 ; 29.32 ; 18.67 ; 115.00 ; 4.60 
28/abr/2023;7.80826; 35.91 ; 34.31 ; 29.32 ; 18.67 ; 115.00 ; 4.60 
29/abr/2023;7.80826; 35.91 ; 34.31 ; 29.32 ; 18.67 ; 115.00 ; 4.60 
30/abr/2023;7.80826; 35.91 ; 34.31 ; 29.32 ; 18.67 ; 115.00 ; 4.60 
01/may/2023;7.80826; 35.91 ; 34.31 ; 29.32 ; 18.67 ; 115.00 ; 4.60 
02/may/2023;7.80055; 35.08 ; 33.46 ; 28.43 ; 17.67 ; 115.00 ; 4.60 
03/may/2023;7.80673; 35.08 ; 33.46 ; 28.43 ; 17.67 ; 115.00 ; 4.60 
04/may/2023;7.80938; 35.08 ; 33.46 ; 28.43 ; 17.67 ; 115.00 ; 4.60 
05/may/2023;7.80739; 35.08 ; 33.46 ; 28.43 ; 17.67 ; 115.00 ; 4.60 
06/may/2023;7.80739; 35.08 ; 33.46 ; 28.43 ; 17.67 ; 115.00 ; 4.60 
07/may/2023;7.80739; 35.08 ; 33.46 ; 28.43 ; 17.67 ; 115.00 ; 4.60 
08/may/2023;7.80280; 34.31 ; 32.80 ; 27.68 ; 16.47 ; 115.00 ; 4.60 
09/may/2023;7.80568; 34.31 ; 32.80 ; 27.68 ; 16.47 ; 115.00 ; 4.60 
10/may/2023;7.80601; 34.31 ; 32.80 ; 27.68 ; 16.47 ; 115.00 ; 4.60 
11/may/2023;7.80379; 34.31 ; 32.80 ; 27.68 ; 16.47 ; 115.00 ; 4.60 
12/may/2023;7.80649; 34.31 ; 32.80 ; 27.68 ; 16.47 ; 115.00 ; 4.60 
13/may/2023;7.80649; 34.31 ; 32.80 ; 27.68 ; 16.47 ; 115.00 ; 4.60 
14/may/2023;7.80649; 34.31 ; 32.80 ; 27.68 ; 16.47 ; 115.00 ; 4.60 
15/may/2023;7.80223; 33.49 ; 31.98 ; 27.02 ; 16.97 ; 115.00 ; 4.60 
16/may/2023;7.80323; 33.49 ; 31.98 ; 27.02 ; 16.97 ; 115.00 ; 4.60 
17/may/2023;7.80156; 33.49 ; 31.98 ; 27.02 ; 16.97 ; 115.00 ; 4.60 
18/may/2023;7.80495; 33.49 ; 31.98 ; 27.02 ; 16.97 ; 115.00 ; 4.60 
19/may/2023;7.80399; 33.49 ; 31.98 ; 27.02 ; 16.97 ; 115.00 ; 4.60 
20/may/2023;7.80399; 33.49 ; 31.98 ; 27.02 ; 16.97 ; 115.00 ; 4.60 
21/may/2023;7.80399; 33.49 ; 31.98 ; 27.02 ; 16.97 ; 115.00 ; 4.60 
22/may/2023;7.80453; 33.35 ; 31.97 ; 27.01 ; 17.17 ; 115.00 ; 4.60 
23/may/2023;7.80354; 33.35 ; 31.97 ; 27.01 ; 17.17 ; 115.00 ; 4.60 
24/may/2023;7.80974; 33.35 ; 31.97 ; 27.01 ; 17.17 ; 115.00 ; 4.60 
25/may/2023;7.81685; 33.35 ; 31.97 ; 27.01 ; 17.17 ; 115.00 ; 4.60 
26/may/2023;7.82145; 33.35 ; 31.97 ; 27.01 ; 17.17 ; 115.00 ; 4.60 
27/may/2023;7.82145; 33.35 ; 31.97 ; 27.01 ; 17.17 ; 115.00 ; 4.60 
28/may/2023;7.82145; 33.35 ; 31.97 ; 27.01 ; 17.17 ; 115.00 ; 4.60 
29/may/2023;7.82029; 33.30 ; 31.99 ; 27.00 ; 16.67 ; 115.00 ; 4.60 
30/may/2023;7.82886; 33.30 ; 31.99 ; 27.00 ; 16.67 ; 115.00 ; 4.60 
31/may/2023;7.83014; 33.30 ; 31.99 ; 27.00 ; 16.67 ; 115.00 ; 4.60 
01/jun/2023;7.83660; 33.30 ; 31.99 ; 27.00 ; 16.67 ; 115.00 ; 4.60 
02/jun/2023;7.83809; 33.30 ; 31.99 ; 27.00 ; 16.67 ; 115.00 ; 4.60 
03/jun/2023;7.83809; 33.30 ; 31.99 ; 27.00 ; 16.67 ; 115.00 ; 4.60 
04/jun/2023;7.83809; 33.30 ; 31.99 ; 27.00 ; 16.67 ; 115.00 ; 4.60 
05/jun/2023;7.82959; 33.30 ; 31.97 ; 26.56 ; 16.67 ; 115.00 ; 4.60 
06/jun/2023;7.82919; 33.30 ; 31.97 ; 26.56 ; 16.67 ; 115.00 ; 4.60 
07/jun/2023;7.83743; 33.30 ; 31.97 ; 26.56 ; 16.67 ; 115.00 ; 4.60 
08/jun/2023;7.83755; 33.30 ; 31.97 ; 26.56 ; 16.67 ; 115.00 ; 4.60 
09/jun/2023;7.83852; 33.30 ; 31.97 ; 26.56 ; 16.67 ; 115.00 ; 4.60 
10/jun/2023;7.83852; 33.30 ; 31.97 ; 26.56 ; 16.67 ; 115.00 ; 4.60 
11/jun/2023;7.83852; 33.30 ; 31.97 ; 26.56 ; 16.67 ; 115.00 ; 4.60 
12/jun/2023;7.83317; 33.10 ; 31.78 ; 26.30 ; 17.52 ; 115.00 ; 4.60 
13/jun/2023;7.83321; 33.10 ; 31.78 ; 26.30 ; 17.52 ; 115.00 ; 4.60 
14/jun/2023;7.83379; 33.10 ; 31.78 ; 26.30 ; 17.52 ; 115.00 ; 4.60 
15/jun/2023;7.83909; 33.10 ; 31.78 ; 26.30 ; 17.52 ; 115.00 ; 4.60 
16/jun/2023;7.83924; 33.10 ; 31.78 ; 26.30 ; 17.52 ; 135.00 ; 5.40 
17/jun/2023;7.83924; 33.10 ; 31.78 ; 26.30 ; 17.52 ; 135.00 ; 5.40 
18/jun/2023;7.83924; 33.10 ; 31.78 ; 26.30 ; 17.52 ; 135.00 ; 5.40 
19/jun/2023;7.83373; 33.08 ; 31.79 ; 26.25 ; 18.82 ; 135.00 ; 5.40 
20/jun/2023;7.84215; 33.08 ; 31.79 ; 26.25 ; 18.82 ; 135.00 ; 5.40 
21/jun/2023;7.83770; 33.08 ; 31.79 ; 26.25 ; 18.82 ; 135.00 ; 5.40 
22/jun/2023;7.83963; 33.08 ; 31.79 ; 26.25 ; 18.82 ; 135.00 ; 5.40 
23/jun/2023;7.84308; 33.08 ; 31.79 ; 26.25 ; 18.82 ; 135.00 ; 5.40 
24/jun/2023;7.84308; 33.08 ; 31.79 ; 26.25 ; 18.82 ; 135.00 ; 5.40 
25/jun/2023;7.84308; 33.08 ; 31.79 ; 26.25 ; 18.82 ; 135.00 ; 5.40 
26/jun/2023;7.83445; 33.08 ; 31.79 ; 26.25 ; 18.82 ; 135.00 ; 5.40 
27/jun/2023;7.84069; 34.16 ; 32.66 ; 27.00 ; 18.82 ; 135.00 ; 5.40 
28/jun/2023;7.84326; 34.16 ; 32.66 ; 27.00 ; 18.82 ; 135.00 ; 5.40 
29/jun/2023;7.84576; 34.16 ; 32.66 ; 27.00 ; 18.82 ; 135.00 ; 5.40 
30/jun/2023;7.84576; 34.16 ; 32.66 ; 27.00 ; 18.82 ; 135.00 ; 5.40 
01/jul/2023;7.84576; 34.16 ; 32.66 ; 27.00 ; 18.82 ; 135.00 ; 5.40 
02/jul/2023;7.84576; 34.16 ; 32.66 ; 27.00 ; 18.82 ; 135.00 ; 5.40 
03/jul/2023;7.84576; 34.16 ; 32.66 ; 27.00 ; 18.82 ; 135.00 ; 5.40 
04/jul/2023;7.84107; 33.52 ; 32.01 ; 26.97 ; 19.70 ; 135.00 ; 5.40 
05/jul/2023;7.84545; 33.52 ; 32.01 ; 26.97 ; 19.70 ; 135.00 ; 5.40 
06/jul/2023;7.84564; 33.52 ; 32.01 ; 26.97 ; 19.70 ; 135.00 ; 5.40 
07/jul/2023;7.84717; 33.52 ; 32.01 ; 26.97 ; 19.70 ; 135.00 ; 5.40 
08/jul/2023;7.84717; 33.52 ; 32.01 ; 26.97 ; 19.70 ; 135.00 ; 5.40 
09/jul/2023;7.84717; 33.52 ; 32.01 ; 26.97 ; 19.70 ; 135.00 ; 5.40 
10/jul/2023;7.84097; 33.51 ; 32.01 ; 26.96 ; 19.45 ; 135.00 ; 5.40 
11/jul/2023;7.84161; 33.51 ; 32.01 ; 26.96 ; 19.45 ; 135.00 ; 5.40 
12/jul/2023;7.84570; 33.51 ; 32.01 ; 26.96 ; 19.45 ; 135.00 ; 5.40 
13/jul/2023;7.84314; 33.51 ; 32.01 ; 26.96 ; 19.45 ; 135.00 ; 5.40 
14/jul/2023;7.84812; 33.51 ; 32.01 ; 26.96 ; 19.45 ; 135.00 ; 5.40 
15/jul/2023;7.84812; 33.51 ; 32.01 ; 26.96 ; 19.45 ; 135.00 ; 5.40 
16/jul/2023;7.84812; 33.51 ; 32.01 ; 26.96 ; 19.45 ; 135.00 ; 5.40 
17/jul/2023;7.84281; 33.78 ; 32.28 ; 27.47 ; 19.20 ; 135.00 ; 5.40 
18/jul/2023;7.84349; 33.78 ; 32.28 ; 27.47 ; 19.20 ; 135.00 ; 5.40 
19/jul/2023;7.84612; 33.78 ; 32.28 ; 27.47 ; 19.20 ; 135.00 ; 5.40 
20/jul/2023;7.84814; 33.78 ; 32.28 ; 27.47 ; 19.20 ; 135.00 ; 5.40 
21/jul/2023;7.84913; 33.78 ; 32.28 ; 27.47 ; 19.20 ; 135.00 ; 5.40 
22/jul/2023;7.84913; 33.78 ; 32.28 ; 27.47 ; 19.20 ; 135.00 ; 5.40 
23/jul/2023;7.84913; 33.78 ; 32.28 ; 27.47 ; 19.20 ; 135.00 ; 5.40 
24/jul/2023;7.84918; 34.78 ; 33.28 ; 28.47 ; 19.44 ; 135.00 ; 5.40 
25/jul/2023;7.84857; 34.78 ; 33.28 ; 28.47 ; 19.44 ; 135.00 ; 5.40 
26/jul/2023;7.85244; 34.78 ; 33.28 ; 28.47 ; 19.44 ; 135.00 ; 5.40 
27/jul/2023;7.86393; 34.78 ; 33.28 ; 28.47 ; 19.44 ; 135.00 ; 5.40 
28/jul/2023;7.86955; 34.78 ; 33.28 ; 28.47 ; 19.44 ; 135.00 ; 5.40 
29/jul/2023;7.86955; 34.78 ; 33.28 ; 28.47 ; 19.44 ; 135.00 ; 5.40 
30/jul/2023;7.86955; 34.78 ; 33.28 ; 28.47 ; 19.44 ; 135.00 ; 5.40 
31/jul/2023;7.86893; 36.28 ; 34.77 ; 29.68 ; 20.54 ; 135.00 ; 5.40 
01/ago/2023;7.86466; 36.28 ; 34.77 ; 29.68 ; 20.54 ; 135.00 ; 5.40 
02/ago/2023;7.86984; 36.28 ; 34.77 ; 29.68 ; 20.54 ; 135.00 ; 5.40 
03/ago/2023;7.86853; 36.28 ; 34.77 ; 29.68 ; 20.54 ; 135.00 ; 5.40 
04/ago/2023;7.86956; 36.28 ; 34.77 ; 29.68 ; 20.54 ; 135.00 ; 5.40 
05/ago/2023;7.86956; 36.28 ; 34.77 ; 29.68 ; 20.54 ; 135.00 ; 5.40 
06/ago/2023;7.86956; 36.28 ; 34.77 ; 29.68 ; 20.54 ; 135.00 ; 5.40 
07/ago/2023;7.86202; 37.47 ; 35.97 ; 30.97 ; 19.54 ; 135.00 ; 5.40 
08/ago/2023;7.86093; 37.47 ; 35.97 ; 30.97 ; 19.54 ; 135.00 ; 5.40 
09/ago/2023;7.86111; 37.47 ; 35.97 ; 30.97 ; 19.54 ; 135.00 ; 5.40 
10/ago/2023;7.86178; 37.47 ; 35.97 ; 30.97 ; 19.54 ; 135.00 ; 5.40 
11/ago/2023;7.85770; 37.47 ; 35.97 ; 30.97 ; 19.54 ; 135.00 ; 5.40 
12/ago/2023;7.85770; 37.47 ; 35.97 ; 30.97 ; 19.54 ; 135.00 ; 5.40 
13/ago/2023;7.85770; 37.47 ; 35.97 ; 30.97 ; 19.54 ; 135.00 ; 5.40 
14/ago/2023;7.85084; 37.47 ; 35.97 ; 31.89 ; 20.65 ; 135.00 ; 5.40 
15/ago/2023;7.85084; 37.47 ; 35.97 ; 31.89 ; 20.65 ; 135.00 ; 5.40 
16/ago/2023;7.84999; 37.47 ; 35.97 ; 31.89 ; 20.65 ; 135.00 ; 5.40 
17/ago/2023;7.85065; 37.47 ; 35.97 ; 31.89 ; 20.65 ; 135.00 ; 5.40 
18/ago/2023;7.85081; 37.47 ; 35.97 ; 31.89 ; 20.65 ; 135.00 ; 5.40 
19/ago/2023;7.85081; 37.47 ; 35.97 ; 31.89 ; 20.65 ; 135.00 ; 5.40 
20/ago/2023;7.85081; 37.47 ; 35.97 ; 31.89 ; 20.65 ; 135.00 ; 5.40 
21/ago/2023;7.84850; 37.47 ; 35.97 ; 31.89 ; 20.65 ; 135.00 ; 5.40 
22/ago/2023;7.84760; 37.16 ; 35.66 ; 31.65 ; 20.10 ; 135.00 ; 5.40 
23/ago/2023;7.85270; 37.16 ; 35.66 ; 31.65 ; 20.10 ; 135.00 ; 5.40 
24/ago/2023;7.86094; 37.16 ; 35.66 ; 31.65 ; 20.10 ; 135.00 ; 5.40 
25/ago/2023;7.86352; 37.16 ; 35.66 ; 31.65 ; 20.10 ; 135.00 ; 5.40 
26/ago/2023;7.86352; 37.16 ; 35.66 ; 31.65 ; 20.10 ; 135.00 ; 5.40 
27/ago/2023;7.86352; 37.16 ; 35.66 ; 31.65 ; 20.10 ; 135.00 ; 5.40 
28/ago/2023;7.86209; 37.26 ; 35.76 ; 32.90 ; 20.10 ; 135.00 ; 5.40 
29/ago/2023;7.86456; 37.26 ; 35.76 ; 32.90 ; 20.10 ; 135.00 ; 5.40 
30/ago/2023;7.86564; 37.26 ; 35.76 ; 32.90 ; 20.10 ; 135.00 ; 5.40 
31/ago/2023;7.87154; 37.26 ; 35.76 ; 32.90 ; 20.10 ; 135.00 ; 5.40 
01/sep/2023;7.87138; 37.26 ; 35.76 ; 32.90 ; 20.10 ; 135.00 ; 5.40 
02/sep/2023;7.87138; 37.26 ; 35.76 ; 32.90 ; 20.10 ; 135.00 ; 5.40 
03/sep/2023;7.87138; 37.26 ; 35.76 ; 32.90 ; 20.10 ; 135.00 ; 5.40 
04/sep/2023;7.86255; 37.28 ; 35.77 ; 32.82 ; 20.59 ; 135.00 ; 5.40 
05/sep/2023;7.87296; 37.28 ; 35.77 ; 32.82 ; 20.59 ; 135.00 ; 5.40 
06/sep/2023;7.86522; 37.28 ; 35.77 ; 32.82 ; 20.59 ; 135.00 ; 5.40 
07/sep/2023;7.86869; 37.28 ; 35.77 ; 32.82 ; 20.59 ; 135.00 ; 5.40 
08/sep/2023;7.87425; 37.28 ; 35.77 ; 32.82 ; 20.59 ; 135.00 ; 5.40 
09/sep/2023;7.87425; 37.28 ; 35.77 ; 32.82 ; 20.59 ; 135.00 ; 5.40 
10/sep/2023;7.87425; 37.28 ; 35.77 ; 32.82 ; 20.59 ; 135.00 ; 5.40 
11/sep/2023;7.86798; 36.91 ; 35.42 ; 32.52 ; 21.09 ; 135.00 ; 5.40 
12/sep/2023;7.86925; 36.91 ; 35.42 ; 32.52 ; 21.09 ; 135.00 ; 5.40 
13/sep/2023;7.87316; 36.91 ; 35.42 ; 32.52 ; 21.09 ; 135.00 ; 5.40 
14/sep/2023;7.87117; 36.91 ; 35.42 ; 32.52 ; 21.09 ; 135.00 ; 5.40 
15/sep/2023;7.87117; 36.91 ; 35.42 ; 32.52 ; 21.09 ; 135.00 ; 5.40 
16/sep/2023;7.87117; 36.91 ; 35.42 ; 32.52 ; 21.09 ; 135.00 ; 5.40 
17/sep/2023;7.87117; 36.91 ; 35.42 ; 32.52 ; 21.09 ; 135.00 ; 5.40 
18/sep/2023;7.86740; 36.88 ; 35.40 ; 33.91 ; 21.49 ; 135.00 ; 5.40 
19/sep/2023;7.86550; 36.88 ; 35.40 ; 33.91 ; 21.49 ; 135.00 ; 5.40 
20/sep/2023;7.86598; 36.88 ; 35.40 ; 33.91 ; 21.49 ; 135.00 ; 5.40 
21/sep/2023;7.86641; 36.88 ; 35.40 ; 33.91 ; 21.49 ; 135.00 ; 5.40 
22/sep/2023;7.86623; 36.88 ; 35.40 ; 33.91 ; 21.49 ; 135.00 ; 5.40 
23/sep/2023;7.86623; 36.88 ; 35.40 ; 33.91 ; 21.49 ; 135.00 ; 5.40 
24/sep/2023;7.86623; 36.88 ; 35.40 ; 33.91 ; 21.49 ; 135.00 ; 5.40 
25/sep/2023;7.86259; 37.31 ; 35.82 ; 34.60 ; 21.49 ; 135.00 ; 5.40 
26/sep/2023;7.85984; 37.31 ; 35.82 ; 34.60 ; 21.49 ; 135.00 ; 5.40 
27/sep/2023;7.86021; 37.31 ; 35.82 ; 34.60 ; 21.49 ; 135.00 ; 5.40 
28/sep/2023;7.85906; 37.31 ; 35.82 ; 34.60 ; 21.49 ; 135.00 ; 5.40 
29/sep/2023;7.85833; 37.31 ; 35.82 ; 34.60 ; 21.49 ; 135.00 ; 5.40 
30/sep/2023;7.85833; 37.31 ; 35.82 ; 34.60 ; 21.49 ; 135.00 ; 5.40 
01/oct/2023;7.85833; 37.31 ; 35.82 ; 34.60 ; 21.49 ; 135.00 ; 5.40 
02/oct/2023;7.85164; 36.62 ; 35.12 ; 34.42 ; 21.49 ; 135.00 ; 5.40 
03/oct/2023;7.84984; 36.62 ; 35.12 ; 34.42 ; 21.49 ; 135.00 ; 5.40 
04/oct/2023;7.85072; 36.62 ; 35.12 ; 34.42 ; 21.49 ; 135.00 ; 5.40 
05/oct/2023;7.84522; 36.62 ; 35.12 ; 34.42 ; 21.49 ; 135.00 ; 5.40 
06/oct/2023;7.84518; 36.62 ; 35.12 ; 34.42 ; 21.49 ; 135.00 ; 5.40 
07/oct/2023;7.84518; 36.62 ; 35.12 ; 34.42 ; 21.49 ; 135.00 ; 5.40 
08/oct/2023;7.84518; 36.62 ; 35.12 ; 34.42 ; 21.49 ; 135.00 ; 5.40 
09/oct/2023;7.84317; 35.66 ; 34.16 ; 33.96 ; 21.19 ; 135.00 ; 5.40 
10/oct/2023;7.85032; 35.66 ; 34.16 ; 33.96 ; 21.19 ; 135.00 ; 5.40 
11/oct/2023;7.84107; 35.66 ; 34.16 ; 33.96 ; 21.19 ; 135.00 ; 5.40 
12/oct/2023;7.84107; 35.66 ; 34.16 ; 33.96 ; 21.19 ; 135.00 ; 5.40 
13/oct/2023;7.84314; 35.66 ; 34.16 ; 33.96 ; 21.19 ; 135.00 ; 5.40 
14/oct/2023;7.84314; 35.66 ; 34.16 ; 33.96 ; 21.19 ; 135.00 ; 5.40 
15/oct/2023;7.84314; 35.66 ; 34.16 ; 33.96 ; 21.19 ; 135.00 ; 5.40 
16/oct/2023;7.83895; 35.75 ; 34.25 ; 33.99 ; 21.49 ; 135.00 ; 5.40 
17/oct/2023;7.84116; 35.75 ; 34.25 ; 33.99 ; 21.49 ; 135.00 ; 5.40 
18/oct/2023;7.84075; 35.75 ; 34.25 ; 33.99 ; 21.49 ; 135.00 ; 5.40 
19/oct/2023;7.83984; 35.75 ; 34.25 ; 33.99 ; 21.49 ; 135.00 ; 5.40 
20/oct/2023;7.83984; 35.75 ; 34.25 ; 33.99 ; 21.49 ; 135.00 ; 5.40 
21/oct/2023;7.83984; 35.75 ; 34.25 ; 33.99 ; 21.49 ; 135.00 ; 5.40 
22/oct/2023;7.83984; 35.75 ; 34.25 ; 33.99 ; 21.49 ; 135.00 ; 5.40 
23/oct/2023;7.83653; 35.33 ; 33.83 ; 33.41 ; 20.49 ; 135.00 ; 5.40 
24/oct/2023;7.83386; 35.33 ; 33.83 ; 33.41 ; 20.49 ; 135.00 ; 5.40 
25/oct/2023;7.83807; 35.33 ; 33.83 ; 33.41 ; 20.49 ; 135.00 ; 5.40 
26/oct/2023;7.84253; 35.33 ; 33.83 ; 33.41 ; 20.49 ; 135.00 ; 5.40 
27/oct/2023;7.84232; 35.33 ; 33.83 ; 33.41 ; 20.49 ; 135.00 ; 5.40 
28/oct/2023;7.84232; 35.33 ; 33.83 ; 33.41 ; 20.49 ; 135.00 ; 5.40 
29/oct/2023;7.84232; 35.33 ; 33.83 ; 33.41 ; 20.49 ; 135.00 ; 5.40 
30/oct/2023;7.83714; 34.52 ; 32.99 ; 32.80 ; 20.49 ; 135.00 ; 5.40 
31/oct/2023;7.83252; 34.52 ; 32.99 ; 32.80 ; 20.49 ; 135.00 ; 5.40 
01/nov/2023;7.83252; 34.52 ; 32.99 ; 32.80 ; 20.49 ; 135.00 ; 5.40 
02/nov/2023;7.83220; 34.52 ; 32.99 ; 32.80 ; 20.49 ; 135.00 ; 5.40 
03/nov/2023;7.83155; 34.52 ; 32.99 ; 32.80 ; 20.49 ; 135.00 ; 5.40 
04/nov/2023;7.83155; 34.52 ; 32.99 ; 32.80 ; 20.49 ; 135.00 ; 5.40 
05/nov/2023;7.83155; 34.52 ; 32.99 ; 32.80 ; 20.49 ; 135.00 ; 5.40 
06/nov/2023;7.82741; 32.79 ; 31.28 ; 32.31 ; 19.49 ; 135.00 ; 5.40 
07/nov/2023;7.82629; 32.79 ; 31.28 ; 32.31 ; 19.49 ; 135.00 ; 5.40 
08/nov/2023;7.82423; 32.79 ; 31.28 ; 32.31 ; 19.49 ; 135.00 ; 5.40 
09/nov/2023;7.82695; 32.79 ; 31.28 ; 32.31 ; 19.49 ; 135.00 ; 5.40 
10/nov/2023;7.82558; 32.79 ; 31.28 ; 32.31 ; 19.49 ; 135.00 ; 5.40 
11/nov/2023;7.82558; 32.79 ; 31.28 ; 32.31 ; 19.49 ; 135.00 ; 5.40 
12/nov/2023;7.82558; 32.79 ; 31.28 ; 32.31 ; 19.49 ; 135.00 ; 5.40 
13/nov/2023;7.82473; 31.34 ; 29.85 ; 31.61 ; 18.49 ; 135.00 ; 5.40 
14/nov/2023;7.82179; 31.34 ; 29.85 ; 31.61 ; 18.49 ; 135.00 ; 5.40 
15/nov/2023;7.82751; 31.34 ; 29.85 ; 31.61 ; 18.49 ; 135.00 ; 5.40 
16/nov/2023;7.82592; 31.34 ; 29.85 ; 31.61 ; 18.49 ; 135.00 ; 5.40 
17/nov/2023;7.82871; 31.34 ; 29.85 ; 31.61 ; 18.49 ; 135.00 ; 5.40 
18/nov/2023;7.82871; 31.34 ; 29.85 ; 31.61 ; 18.49 ; 135.00 ; 5.40 
19/nov/2023;7.82871; 31.34 ; 29.85 ; 31.61 ; 18.49 ; 135.00 ; 5.40 
20/nov/2023;7.82311; 29.99 ; 28.52 ; 30.58 ; 18.49 ; 135.00 ; 5.40 
21/nov/2023;7.82524; 29.99 ; 28.52 ; 30.58 ; 18.49 ; 135.00 ; 5.40 
22/nov/2023;7.82627; 29.99 ; 28.52 ; 30.58 ; 18.49 ; 135.00 ; 5.40 
23/nov/2023;7.82738; 29.99 ; 28.52 ; 30.58 ; 18.49 ; 135.00 ; 5.40 
24/nov/2023;7.82859; 29.99 ; 28.52 ; 30.58 ; 18.49 ; 135.00 ; 5.40 
25/nov/2023;7.82859; 29.99 ; 28.52 ; 30.58 ; 18.49 ; 135.00 ; 5.40 
26/nov/2023;7.82859; 29.99 ; 28.52 ; 30.58 ; 18.49 ; 135.00 ; 5.40 
27/nov/2023;7.82568; 29.98 ; 28.49 ; 29.97 ; 19.49 ; 135.00 ; 5.40 
28/nov/2023;7.82371; 29.98 ; 28.49 ; 29.97 ; 19.49 ; 135.00 ; 5.40 
29/nov/2023;7.82878; 29.98 ; 28.49 ; 29.97 ; 19.49 ; 135.00 ; 5.40 
30/nov/2023;7.82836; 29.98 ; 28.49 ; 29.97 ; 19.49 ; 135.00 ; 5.40 
01/dic/2023;7.82702; 29.98 ; 28.49 ; 29.97 ; 19.49 ; 135.00 ; 5.40 
02/dic/2023;7.82702; 29.98 ; 28.49 ; 29.97 ; 19.49 ; 135.00 ; 5.40 
03/dic/2023;7.82702; 29.98 ; 28.49 ; 29.97 ; 19.49 ; 135.00 ; 5.40 
04/dic/2023;7.82300; 29.98 ; 28.49 ; 29.97 ; 18.99 ; 135.00 ; 5.40 
05/dic/2023;7.82430; 29.98 ; 28.49 ; 29.97 ; 18.99 ; 135.00 ; 5.40 
06/dic/2023;7.82262; 29.98 ; 28.49 ; 29.97 ; 18.99 ; 135.00 ; 5.40 
07/dic/2023;7.82636; 29.98 ; 28.49 ; 29.97 ; 18.99 ; 135.00 ; 5.40 
08/dic/2023;7.82393; 29.98 ; 28.49 ; 29.97 ; 18.99 ; 135.00 ; 5.40 
09/dic/2023;7.82393; 29.98 ; 28.49 ; 29.97 ; 18.99 ; 135.00 ; 5.40 
10/dic/2023;7.82393; 29.98 ; 28.49 ; 29.97 ; 18.99 ; 135.00 ; 5.40 
11/dic/2023;7.82128; 29.13 ; 27.65 ; 29.11 ; 18.99 ; 135.00 ; 5.40 
12/dic/2023;7.82288; 29.13 ; 27.65 ; 29.11 ; 18.99 ; 135.00 ; 5.40 
13/dic/2023;7.82022; 29.13 ; 27.65 ; 29.11 ; 18.99 ; 135.00 ; 5.40 
14/dic/2023;7.82158; 29.13 ; 27.65 ; 29.11 ; 18.99 ; 135.00 ; 5.40 
15/dic/2023;7.82399; 29.13 ; 27.65 ; 29.11 ; 18.99 ; 135.00 ; 5.40 
16/dic/2023;7.82399; 29.13 ; 27.65 ; 29.11 ; 18.99 ; 135.00 ; 5.40 
17/dic/2023;7.82399; 29.13 ; 27.65 ; 29.11 ; 18.99 ; 135.00 ; 5.40 
18/dic/2023;7.82053; 28.65 ; 27.15 ; 28.62 ; 18.99 ; 115.00 ; 4.60 
19/dic/2023;7.81987; 28.65 ; 27.15 ; 28.62 ; 18.99 ; 115.00 ; 4.60 
20/dic/2023;7.81999; 28.65 ; 27.15 ; 28.62 ; 18.99 ; 115.00 ; 4.60 
21/dic/2023;7.82248; 28.65 ; 27.15 ; 28.62 ; 18.99 ; 115.00 ; 4.60 
22/dic/2023;7.82434; 28.65 ; 27.15 ; 28.62 ; 18.99 ; 115.00 ; 4.60 
23/dic/2023;7.82434; 28.65 ; 27.15 ; 28.62 ; 18.99 ; 115.00 ; 4.60 
24/dic/2023;7.82434; 28.65 ; 27.15 ; 28.62 ; 18.99 ; 115.00 ; 4.60 
25/dic/2023;7.82434; 28.65 ; 27.15 ; 28.62 ; 18.99 ; 115.00 ; 4.60 
26/dic/2023;7.83014; 28.65 ; 27.15 ; 28.62 ; 18.99 ; 115.00 ; 4.60 
27/dic/2023;7.82350; 30.44 ; 28.95 ; 29.47 ; 18.99 ; 115.00 ; 4.60 
28/dic/2023;7.82702; 30.44 ; 28.95 ; 29.47 ; 18.99 ; 115.00 ; 4.60 
29/dic/2023;7.82702; 30.44 ; 28.95 ; 29.47 ; 18.99 ; 115.00 ; 4.60 
30/dic/2023;7.82702; 30.44 ; 28.95 ; 29.47 ; 18.99 ; 115.00 ; 4.60 
31/dic/2023;7.82702; 30.44 ; 28.95 ; 29.47 ; 18.99 ; 115.00 ; 4.60 
01/ene/2024;7.82702; 30.44 ; 28.95 ; 29.47 ; 18.99 ; 115.00 ; 4.60 
02/ene/2024;7.82481; 30.44 ; 28.95 ; 29.47 ; 18.99 ; 115.00 ; 4.60 
03/ene/2024;7.82445; 30.47 ; 28.97 ; 29.48 ; 18.99 ; 115.00 ; 4.60 
04/ene/2024;7.82409; 30.47 ; 28.97 ; 29.48 ; 18.99 ; 115.00 ; 4.60 
05/ene/2024;7.82322; 30.47 ; 28.97 ; 29.48 ; 18.99 ; 115.00 ; 4.60 
06/ene/2024;7.82322; 30.47 ; 28.97 ; 29.48 ; 18.99 ; 115.00 ; 4.60 
07/ene/2024;7.82322; 30.47 ; 28.97 ; 29.48 ; 18.99 ; 115.00 ; 4.60 
08/ene/2024;7.81941; 30.47 ; 28.97 ; 29.48 ; 18.99 ; 115.00 ; 4.60 
09/ene/2024;7.81686; 30.47 ; 28.97 ; 29.48 ; 18.99 ; 115.00 ; 4.60 
10/ene/2024;7.82016; 30.47 ; 28.97 ; 29.48 ; 18.99 ; 115.00 ; 4.60 
11/ene/2024;7.81767; 30.47 ; 28.97 ; 29.48 ; 18.99 ; 115.00 ; 4.60 
12/ene/2024;7.82083; 30.47 ; 28.97 ; 29.48 ; 18.99 ; 115.00 ; 4.60 
13/ene/2024;7.82083; 30.47 ; 28.97 ; 29.48 ; 18.99 ; 115.00 ; 4.60 
14/ene/2024;7.82083; 30.47 ; 28.97 ; 29.48 ; 18.99 ; 115.00 ; 4.60 
15/ene/2024;7.81224; 30.29 ; 28.79 ; 28.55 ; 18.49 ; 115.00 ; 4.60 
16/ene/2024;7.81402; 30.29 ; 28.79 ; 28.55 ; 18.49 ; 115.00 ; 4.60 
17/ene/2024;7.81651; 30.29 ; 28.79 ; 28.55 ; 18.49 ; 115.00 ; 4.60 
18/ene/2024;7.81988; 30.29 ; 28.79 ; 28.55 ; 18.49 ; 115.00 ; 4.60 
19/ene/2024;7.81782; 30.29 ; 28.79 ; 28.55 ; 18.49 ; 115.00 ; 4.60 
20/ene/2024;7.81782; 30.29 ; 28.79 ; 28.55 ; 18.49 ; 115.00 ; 4.60 
21/ene/2024;7.81782; 30.29 ; 28.79 ; 28.55 ; 18.49 ; 115.00 ; 4.60 
22/ene/2024;7.81494; 30.90 ; 29.39 ; 29.11 ; 17.99 ; 115.00 ; 4.60 
23/ene/2024;7.81473; 30.90 ; 29.39 ; 29.11 ; 17.99 ; 115.00 ; 4.60 
24/ene/2024;7.81578; 30.90 ; 29.39 ; 29.11 ; 17.99 ; 115.00 ; 4.60 
25/ene/2024;7.81870; 30.90 ; 29.39 ; 29.11 ; 17.99 ; 115.00 ; 4.60 
26/ene/2024;7.81541; 30.90 ; 29.39 ; 29.11 ; 17.99 ; 115.00 ; 4.60 
27/ene/2024;7.81541; 30.90 ; 29.39 ; 29.11 ; 17.99 ; 115.00 ; 4.60 
28/ene/2024;7.81541; 30.90 ; 29.39 ; 29.11 ; 17.99 ; 115.00 ; 4.60 
29/ene/2024;7.81382; 30.97 ; 29.48 ; 29.19 ; 17.99 ; 115.00 ; 4.60 
30/ene/2024;7.81142; 30.97 ; 29.48 ; 29.19 ; 17.99 ; 115.00 ; 4.60 
31/ene/2024;7.81454; 30.97 ; 29.48 ; 29.19 ; 17.99 ; 115.00 ; 4.60 
01/feb/2024;7.81252; 30.97 ; 29.48 ; 29.19 ; 17.99 ; 115.00 ; 4.60 
02/feb/2024;7.81323; 30.97 ; 29.48 ; 29.19 ; 17.99 ; 115.00 ; 4.60 
03/feb/2024;7.81323; 30.97 ; 29.48 ; 29.19 ; 17.99 ; 115.00 ; 4.60 
04/feb/2024;7.81323; 30.97 ; 29.48 ; 29.19 ; 17.99 ; 115.00 ; 4.60 
05/feb/2024;7.81166; 31.46 ; 29.96 ; 30.44 ; 17.99 ; 115.00 ; 4.60 
06/feb/2024;7.81149; 31.46 ; 29.96 ; 30.44 ; 17.99 ; 115.00 ; 4.60 
07/feb/2024;7.81172; 31.46 ; 29.96 ; 30.44 ; 17.99 ; 115.00 ; 4.60 
08/feb/2024;7.81098; 31.46 ; 29.96 ; 30.44 ; 17.99 ; 115.00 ; 4.60 
09/feb/2024;7.80938; 31.46 ; 29.96 ; 30.44 ; 17.99 ; 115.00 ; 4.60 
10/feb/2024;7.80938; 31.46 ; 29.96 ; 30.44 ; 17.99 ; 115.00 ; 4.60 
11/feb/2024;7.80938; 31.46 ; 29.96 ; 30.44 ; 17.99 ; 115.00 ; 4.60 
12/feb/2024;7.80661; 31.47 ; 29.97 ; 30.47 ; 17.49 ; 115.00 ; 4.60 
13/feb/2024;7.80679; 31.47 ; 29.97 ; 30.47 ; 17.49 ; 115.00 ; 4.60 
14/feb/2024;7.80620; 31.47 ; 29.97 ; 30.47 ; 17.49 ; 115.00 ; 4.60 
15/feb/2024;7.80652; 31.47 ; 29.97 ; 30.47 ; 17.49 ; 115.00 ; 4.60 
16/feb/2024;7.81128; 31.47 ; 29.97 ; 30.47 ; 17.49 ; 115.00 ; 4.60 
17/feb/2024;7.81128; 31.47 ; 29.97 ; 30.47 ; 17.49 ; 115.00 ; 4.60 
18/feb/2024;7.81128; 31.47 ; 29.97 ; 30.47 ; 17.49 ; 115.00 ; 4.60 
19/feb/2024;7.80330; 31.97 ; 30.48 ; 30.98 ; 17.69 ; 115.00 ; 4.60 
20/feb/2024;7.81046; 31.97 ; 30.48 ; 30.98 ; 17.69 ; 115.00 ; 4.60 
21/feb/2024;7.81151; 31.97 ; 30.48 ; 30.98 ; 17.69 ; 115.00 ; 4.60 
22/feb/2024;7.81327; 31.97 ; 30.48 ; 30.98 ; 17.69 ; 115.00 ; 4.60 
23/feb/2024;7.81274; 31.97 ; 30.48 ; 30.98 ; 17.69 ; 115.00 ; 4.60 
24/feb/2024;7.81274; 31.97 ; 30.48 ; 30.98 ; 17.69 ; 115.00 ; 4.60 
25/feb/2024;7.81274; 31.97 ; 30.48 ; 30.98 ; 17.69 ; 115.00 ; 4.60 
26/feb/2024;7.80942; 32.45 ; 30.95 ; 30.97 ; 17.89 ; 115.00 ; 4.60 
27/feb/2024;7.81045; 32.45 ; 30.95 ; 30.97 ; 17.89 ; 115.00 ; 4.60 
28/feb/2024;7.81473; 32.45 ; 30.95 ; 30.97 ; 17.89 ; 115.00 ; 4.60 
29/feb/2024;7.81768; 32.45 ; 30.95 ; 30.97 ; 17.89 ; 115.00 ; 4.60 
01/mar/2024;7.81835; 32.45 ; 30.95 ; 30.97 ; 17.89 ; 115.00 ; 4.60 
02/mar/2024;7.81835; 32.45 ; 30.95 ; 30.97 ; 17.89 ; 115.00 ; 4.60 
03/mar/2024;7.81835; 32.45 ; 30.95 ; 30.97 ; 17.89 ; 115.00 ; 4.60 
04/mar/2024;7.80899; 32.89 ; 31.40 ; 30.70 ; 18.09 ; 115.00 ; 4.60 
05/mar/2024;7.80618; 32.89 ; 31.40 ; 30.70 ; 18.09 ; 115.00 ; 4.60 
06/mar/2024;7.81174; 32.89 ; 31.40 ; 30.70 ; 18.09 ; 115.00 ; 4.60 
07/mar/2024;7.80744; 32.89 ; 31.40 ; 30.70 ; 18.09 ; 115.00 ; 4.60 
08/mar/2024;7.80954; 32.89 ; 31.40 ; 30.70 ; 18.09 ; 115.00 ; 4.60 
09/mar/2024;7.80954; 32.89 ; 31.40 ; 30.70 ; 18.09 ; 115.00 ; 4.60 
10/mar/2024;7.80954; 32.89 ; 31.40 ; 30.70 ; 18.09 ; 115.00 ; 4.60 
11/mar/2024;7.80453; 33.42 ; 31.92 ; 30.15 ; 18.29 ; 115.00 ; 4.60 
12/mar/2024;7.80502; 33.42 ; 31.92 ; 30.15 ; 18.29 ; 115.00 ; 4.60 
13/mar/2024;7.80439; 33.42 ; 31.92 ; 30.15 ; 18.29 ; 115.00 ; 4.60 
14/mar/2024;7.80143; 33.42 ; 31.92 ; 30.15 ; 18.29 ; 115.00 ; 4.60 
15/mar/2024;7.80777; 33.42 ; 31.92 ; 30.15 ; 18.29 ; 115.00 ; 4.60 
16/mar/2024;7.80777; 33.42 ; 31.92 ; 30.15 ; 18.29 ; 115.00 ; 4.60 
17/mar/2024;7.80777; 33.42 ; 31.92 ; 30.15 ; 18.29 ; 115.00 ; 4.60 
18/mar/2024;7.80118; 34.46 ; 32.96 ; 29.56 ; 18.89 ; 115.00 ; 4.60 
19/mar/2024;7.79934; 34.46 ; 32.96 ; 29.56 ; 18.89 ; 115.00 ; 4.60 
20/mar/2024;7.79631; 34.46 ; 32.96 ; 29.56 ; 18.89 ; 115.00 ; 4.60 
21/mar/2024;7.79873; 34.46 ; 32.96 ; 29.56 ; 18.89 ; 115.00 ; 4.60 
22/mar/2024;7.80164; 34.46 ; 32.96 ; 29.56 ; 18.89 ; 115.00 ; 4.60 
23/mar/2024;7.80164; 34.46 ; 32.96 ; 29.56 ; 18.89 ; 115.00 ; 4.60 
24/mar/2024;7.80164; 34.46 ; 32.96 ; 29.56 ; 18.89 ; 115.00 ; 4.60 
25/mar/2024;7.79277; 34.95 ; 33.40 ; 29.48 ; 19.59 ; 115.00 ; 4.60 
26/mar/2024;7.79012; 34.95 ; 33.40 ; 29.48 ; 19.59 ; 115.00 ; 4.60 
27/mar/2024;7.79165; 34.95 ; 33.40 ; 29.48 ; 19.59 ; 115.00 ; 4.60 
28/mar/2024;7.79165; 34.95 ; 33.40 ; 29.48 ; 19.59 ; 115.00 ; 4.60 
29/mar/2024;7.79165; 34.95 ; 33.40 ; 29.48 ; 19.59 ; 115.00 ; 4.60 
30/mar/2024;7.79165; 34.95 ; 33.40 ; 29.48 ; 19.59 ; 115.00 ; 4.60 
31/mar/2024;7.79165; 34.95 ; 33.40 ; 29.48 ; 19.59 ; 115.00 ; 4.60 
01/abr/2024;7.79234; 34.98 ; 33.48 ; 29.48 ; 17.89 ; 115.00 ; 4.60 
02/abr/2024;7.78814; 34.98 ; 33.48 ; 29.48 ; 17.89 ; 115.00 ; 4.60 
03/abr/2024;7.79092; 34.98 ; 33.48 ; 29.48 ; 17.89 ; 115.00 ; 4.60 
04/abr/2024;7.78751; 34.98 ; 33.48 ; 29.48 ; 17.89 ; 115.00 ; 4.60 
05/abr/2024;7.78540; 34.98 ; 33.48 ; 29.48 ; 17.89 ; 115.00 ; 4.60 
06/abr/2024;7.78540; 34.98 ; 33.48 ; 29.48 ; 17.89 ; 115.00 ; 4.60 
07/abr/2024;7.78540; 34.98 ; 33.48 ; 29.48 ; 17.89 ; 115.00 ; 4.60 
08/abr/2024;7.78505; 35.64 ; 34.14 ; 30.21 ; 19.59 ; 115.00 ; 4.60 
09/abr/2024;7.77785; 35.64 ; 34.14 ; 30.21 ; 19.59 ; 115.00 ; 4.60 
10/abr/2024;7.78365; 35.64 ; 34.14 ; 30.21 ; 19.59 ; 115.00 ; 4.60 
11/abr/2024;7.78253; 35.64 ; 34.14 ; 30.21 ; 19.59 ; 115.00 ; 4.60 
12/abr/2024;7.77944; 35.64 ; 34.14 ; 30.21 ; 19.59 ; 115.00 ; 4.60 
13/abr/2024;7.77944; 35.64 ; 34.14 ; 30.21 ; 19.59 ; 115.00 ; 4.60 
14/abr/2024;7.77944; 35.64 ; 34.14 ; 30.21 ; 19.59 ; 115.00 ; 4.60 
15/abr/2024;7.77181; 35.68 ; 34.18 ; 30.17 ; 19.29 ; 115.00 ; 4.60 
16/abr/2024;7.77527; 35.68 ; 34.18 ; 30.17 ; 19.29 ; 115.00 ; 4.60 
17/abr/2024;7.77342; 35.68 ; 34.18 ; 30.17 ; 19.29 ; 115.00 ; 4.60 
18/abr/2024;7.77951; 35.68 ; 34.18 ; 30.17 ; 19.29 ; 115.00 ; 4.60 
19/abr/2024;7.77815; 35.68 ; 34.18 ; 30.17 ; 19.29 ; 115.00 ; 4.60 
20/abr/2024;7.77815; 35.68 ; 34.18 ; 30.17 ; 19.29 ; 115.00 ; 4.60 
21/abr/2024;7.77815; 35.68 ; 34.18 ; 30.17 ; 19.29 ; 115.00 ; 4.60 
22/abr/2024;7.77084; 35.17 ; 33.67 ; 29.81 ; 19.89 ; 115.00 ; 4.60 
23/abr/2024;7.77111; 35.17 ; 33.67 ; 29.81 ; 19.89 ; 115.00 ; 4.60 
24/abr/2024;7.78057; 35.17 ; 33.67 ; 29.81 ; 19.89 ; 115.00 ; 4.60 
25/abr/2024;7.77530; 35.17 ; 33.67 ; 29.81 ; 19.89 ; 115.00 ; 4.60 
26/abr/2024;7.77641; 35.17 ; 33.67 ; 29.81 ; 19.89 ; 115.00 ; 4.60 
27/abr/2024;7.77641; 35.17 ; 33.67 ; 29.81 ; 19.89 ; 115.00 ; 4.60 
28/abr/2024;7.77641; 35.17 ; 33.67 ; 29.81 ; 19.89 ; 115.00 ; 4.60 
29/abr/2024;7.77011; 34.51 ; 33.06 ; 29.24 ; 20.19 ; 115.00 ; 4.60 
30/abr/2024;7.77182; 34.51 ; 33.06 ; 29.24 ; 20.19 ; 115.00 ; 4.60 
01/may/2024;7.77182; 34.51 ; 33.06 ; 29.24 ; 20.19 ; 115.00 ; 4.60 
02/may/2024;7.77320; 34.51 ; 33.06 ; 29.24 ; 20.19 ; 115.00 ; 4.60 
03/may/2024;7.77465; 34.51 ; 33.06 ; 29.24 ; 20.19 ; 115.00 ; 4.60 
04/may/2024;7.77465; 34.51 ; 33.06 ; 29.24 ; 20.19 ; 115.00 ; 4.60 
05/may/2024;7.77465; 34.51 ; 33.06 ; 29.24 ; 20.19 ; 115.00 ; 4.60 
06/may/2024;7.76736; 34.17 ; 32.67 ; 28.86 ; 21.69 ; 115.00 ; 4.60 
07/may/2024;7.76738; 34.17 ; 32.67 ; 28.86 ; 21.69 ; 115.00 ; 4.60 
08/may/2024;7.76697; 34.17 ; 32.67 ; 28.86 ; 21.69 ; 115.00 ; 4.60 
09/may/2024;7.76473; 34.17 ; 32.67 ; 28.86 ; 21.69 ; 115.00 ; 4.60 
10/may/2024;7.76748; 34.17 ; 32.67 ; 28.86 ; 21.69 ; 115.00 ; 4.60 
11/may/2024;7.76748; 34.17 ; 32.67 ; 28.86 ; 21.69 ; 115.00 ; 4.60 
12/may/2024;7.76748; 34.17 ; 32.67 ; 28.86 ; 21.69 ; 115.00 ; 4.60 
13/may/2024;7.76288; 33.61 ; 32.11 ; 28.30 ; 21.69 ; 115.00 ; 4.60 
14/may/2024;7.76071; 33.61 ; 32.11 ; 28.30 ; 21.69 ; 115.00 ; 4.60 
15/may/2024;7.76407; 33.61 ; 32.11 ; 28.30 ; 21.69 ; 115.00 ; 4.60 
16/may/2024;7.77139; 33.61 ; 32.11 ; 28.30 ; 21.69 ; 115.00 ; 4.60 
17/may/2024;7.76584; 33.61 ; 32.11 ; 28.30 ; 21.69 ; 115.00 ; 4.60 
18/may/2024;7.76584; 33.61 ; 32.11 ; 28.30 ; 21.69 ; 115.00 ; 4.60 
19/may/2024;7.76584; 33.61 ; 32.11 ; 28.30 ; 21.69 ; 115.00 ; 4.60 
20/may/2024;7.75929; 33.01 ; 31.51 ; 27.88 ; 21.69 ; 115.00 ; 4.60 
21/may/2024;7.76599; 33.01 ; 31.51 ; 27.88 ; 21.69 ; 115.00 ; 4.60 
22/may/2024;7.76775; 33.01 ; 31.51 ; 27.88 ; 21.69 ; 115.00 ; 4.60 
23/may/2024;7.76412; 33.01 ; 31.51 ; 27.88 ; 21.69 ; 115.00 ; 4.60 
24/may/2024;7.77052; 33.01 ; 31.51 ; 27.88 ; 21.69 ; 115.00 ; 4.60 
25/may/2024;7.77052; 33.01 ; 31.51 ; 27.88 ; 21.69 ; 115.00 ; 4.60 
26/may/2024;7.77052; 33.01 ; 31.51 ; 27.88 ; 21.69 ; 115.00 ; 4.60 
27/may/2024;7.76498; 32.88 ; 31.37 ; 27.63 ; 21.69 ; 115.00 ; 4.60 
28/may/2024;7.76740; 32.88 ; 31.37 ; 27.63 ; 21.69 ; 115.00 ; 4.60 
29/may/2024;7.77129; 32.88 ; 31.37 ; 27.63 ; 21.69 ; 115.00 ; 4.60 
30/may/2024;7.76909; 32.88 ; 31.37 ; 27.63 ; 21.69 ; 115.00 ; 4.60 
31/may/2024;7.76756; 32.88 ; 31.37 ; 27.63 ; 21.69 ; 115.00 ; 4.60 
01/jun/2024;7.76756; 32.88 ; 31.37 ; 27.63 ; 21.69 ; 115.00 ; 4.60 
02/jun/2024;7.76756; 32.88 ; 31.37 ; 27.63 ; 21.69 ; 115.00 ; 4.60 
03/jun/2024;7.76374; 32.51 ; 31.01 ; 27.31 ; 21.69 ; 115.00 ; 4.60 
04/jun/2024;7.76850; 32.51 ; 31.01 ; 27.31 ; 21.69 ; 115.00 ; 4.60 
05/jun/2024;7.76761; 32.51 ; 31.01 ; 27.31 ; 21.69 ; 115.00 ; 4.60 
06/jun/2024;7.76844; 32.51 ; 31.01 ; 27.31 ; 21.69 ; 115.00 ; 4.60 
07/jun/2024;7.76638; 32.51 ; 31.01 ; 27.31 ; 21.69 ; 115.00 ; 4.60 
08/jun/2024;7.76638; 32.51 ; 31.01 ; 27.31 ; 21.69 ; 115.00 ; 4.60 
09/jun/2024;7.76638; 32.51 ; 31.01 ; 27.31 ; 21.69 ; 115.00 ; 4.60 
10/jun/2024;7.76241; 32.38 ; 30.88 ; 27.18 ; 21.19 ; 115.00 ; 4.60 
11/jun/2024;7.76323; 32.38 ; 30.88 ; 27.18 ; 21.19 ; 115.00 ; 4.60 
12/jun/2024;7.76210; 32.38 ; 30.88 ; 27.18 ; 21.19 ; 115.00 ; 4.60 
13/jun/2024;7.76371; 32.38 ; 30.88 ; 27.18 ; 21.19 ; 115.00 ; 4.60 
14/jun/2024;7.76989; 32.38 ; 30.88 ; 27.18 ; 21.19 ; 115.00 ; 4.60 
15/jun/2024;7.76989; 32.38 ; 30.88 ; 27.18 ; 21.19 ; 115.00 ; 4.60 
16/jun/2024;7.76989; 32.38 ; 30.88 ; 27.18 ; 20.19 ; 115.00 ; 4.60 
17/jun/2024;7.75552; 32.38 ; 30.88 ; 27.56 ; 20.19 ; 115.00 ; 4.60 
18/jun/2024;7.75549; 32.38 ; 30.88 ; 27.56 ; 20.19 ; 115.00 ; 4.60 
19/jun/2024;7.75478; 32.38 ; 30.88 ; 27.56 ; 20.19 ; 115.00 ; 4.60 
20/jun/2024;7.76354; 32.38 ; 30.88 ; 27.56 ; 20.19 ; 115.00 ; 4.60 
21/jun/2024;7.76560; 32.38 ; 30.88 ; 27.56 ; 20.19 ; 115.00 ; 4.60 
22/jun/2024;7.76560; 32.38 ; 30.88 ; 27.56 ; 20.19 ; 115.00 ; 4.60 
23/jun/2024;7.76560; 32.38 ; 30.88 ; 27.56 ; 20.19 ; 115.00 ; 4.60 
24/jun/2024;7.75704; 32.40 ; 30.91 ; 27.68 ; 19.19 ; 115.00 ; 4.60 
25/jun/2024;7.76527; 32.40 ; 30.91 ; 27.68 ; 19.19 ; 110.00 ; 4.40 
26/jun/2024;7.76529; 32.40 ; 30.91 ; 27.68 ; 19.19 ; 110.00 ; 4.40 
27/jun/2024;7.76874; 32.40 ; 30.91 ; 27.68 ; 19.19 ; 110.00 ; 4.40 
28/jun/2024;7.76874; 32.40 ; 30.91 ; 27.68 ; 19.19 ; 110.00 ; 4.40 
29/jun/2024;7.76874; 32.40 ; 30.91 ; 27.68 ; 19.19 ; 110.00 ; 4.40 
30/jun/2024;7.76874; 32.40 ; 30.91 ; 27.68 ; 19.19 ; 110.00 ; 4.40 
01/jul/2024;7.76874; 32.40 ; 30.91 ; 27.68 ; 19.19 ; 110.00 ; 4.40 
02/jul/2024;7.76071; 32.40 ; 30.91 ; 27.68 ; 19.19 ; 110.00 ; 4.40 
03/jul/2024;7.76488; 32.67 ; 31.17 ; 28.53 ; 19.19 ; 110.00 ; 4.40 
04/jul/2024;7.76514; 32.67 ; 31.17 ; 28.53 ; 19.19 ; 110.00 ; 4.40 
05/jul/2024;7.76235; 32.67 ; 31.17 ; 28.53 ; 19.19 ; 110.00 ; 4.40 
06/jul/2024;7.76235; 32.67 ; 31.17 ; 28.53 ; 19.19 ; 110.00 ; 4.40 
07/jul/2024;7.76235; 32.67 ; 31.17 ; 28.53 ; 19.19 ; 110.00 ; 4.40 
08/jul/2024;7.75548; 32.68 ; 31.17 ; 28.16 ; 19.19 ; 110.00 ; 4.40 
09/jul/2024;7.75396; 32.68 ; 31.17 ; 28.16 ; 19.19 ; 110.00 ; 4.40 
10/jul/2024;7.75632; 32.68 ; 31.17 ; 28.16 ; 19.19 ; 110.00 ; 4.40 
11/jul/2024;7.76475; 32.68 ; 31.17 ; 28.16 ; 19.19 ; 110.00 ; 4.40 
12/jul/2024;7.75719; 32.68 ; 31.17 ; 28.16 ; 19.19 ; 110.00 ; 4.40 
13/jul/2024;7.75719; 32.68 ; 31.17 ; 28.16 ; 19.19 ; 110.00 ; 4.40 
14/jul/2024;7.75719; 32.68 ; 31.17 ; 28.16 ; 19.19 ; 110.00 ; 4.40 
15/jul/2024;7.74966; 33.23 ; 31.73 ; 28.55 ; 19.19 ; 110.00 ; 4.40 
16/jul/2024;7.74930; 33.23 ; 31.73 ; 28.55 ; 19.19 ; 110.00 ; 4.40 
17/jul/2024;7.75223; 33.23 ; 31.73 ; 28.55 ; 19.19 ; 110.00 ; 4.40 
18/jul/2024;7.75657; 33.23 ; 31.73 ; 28.55 ; 19.19 ; 110.00 ; 4.40 
19/jul/2024;7.75590; 33.23 ; 31.73 ; 28.55 ; 19.19 ; 110.00 ; 4.40 
20/jul/2024;7.75590; 33.23 ; 31.73 ; 28.55 ; 19.19 ; 110.00 ; 4.40 
21/jul/2024;7.75590; 33.23 ; 31.73 ; 28.55 ; 19.19 ; 110.00 ; 4.40 
22/jul/2024;7.74805; 32.79 ; 31.29 ; 28.09 ; 19.19 ; 110.00 ; 4.40 
23/jul/2024;7.75022; 32.79 ; 31.29 ; 28.09 ; 19.19 ; 110.00 ; 4.40 
24/jul/2024;7.74953; 32.79 ; 31.29 ; 28.09 ; 19.19 ; 110.00 ; 4.40 
25/jul/2024;7.74970; 32.79 ; 31.29 ; 28.09 ; 19.19 ; 110.00 ; 4.40 
26/jul/2024;7.74973; 32.79 ; 31.29 ; 28.09 ; 19.19 ; 110.00 ; 4.40 
27/jul/2024;7.74973; 32.79 ; 31.29 ; 28.09 ; 19.19 ; 110.00 ; 4.40 
28/jul/2024;7.74973; 32.79 ; 31.29 ; 28.09 ; 19.19 ; 110.00 ; 4.40 
29/jul/2024;7.74729; 32.63 ; 31.13 ; 27.93 ; 19.19 ; 110.00 ; 4.40 
30/jul/2024;7.74698; 32.63 ; 31.13 ; 27.93 ; 19.19 ; 110.00 ; 4.40 
31/jul/2024;7.74578; 32.63 ; 31.13 ; 27.93 ; 19.19 ; 110.00 ; 4.40 
01/ago/2024;7.74800; 32.63 ; 31.13 ; 27.93 ; 19.19 ; 110.00 ; 4.40 
02/ago/2024;7.74810; 32.63 ; 31.13 ; 27.93 ; 19.19 ; 110.00 ; 4.40 
03/ago/2024;7.74810; 32.63 ; 31.13 ; 27.93 ; 19.19 ; 110.00 ; 4.40 
04/ago/2024;7.74810; 32.63 ; 31.13 ; 27.93 ; 19.19 ; 110.00 ; 4.40 
05/ago/2024;7.74023; 32.65 ; 31.14 ; 27.80 ; 19.19 ; 110.00 ; 4.40 
06/ago/2024;7.74562; 32.65 ; 31.14 ; 27.80 ; 19.19 ; 110.00 ; 4.40 
07/ago/2024;7.74402; 32.65 ; 31.14 ; 27.80 ; 19.19 ; 110.00 ; 4.40 
08/ago/2024;7.74514; 32.65 ; 31.14 ; 27.80 ; 19.19 ; 110.00 ; 4.40 
09/ago/2024;7.74681; 32.65 ; 31.14 ; 27.80 ; 19.19 ; 110.00 ; 4.40 
10/ago/2024;7.74681; 32.65 ; 31.14 ; 27.80 ; 19.19 ; 110.00 ; 4.40 
11/ago/2024;7.74681; 32.65 ; 31.14 ; 27.80 ; 19.19 ; 110.00 ; 4.40 
12/ago/2024;7.73554; 32.90 ; 31.41 ; 27.34 ; 18.69 ; 110.00 ; 4.40 
13/ago/2024;; 32.90 ; 31.41 ; 27.34 ; 18.69 ; 110.00 ; 4.40 
14/ago/2024;; 32.90 ; 31.41 ; 27.34 ; 18.69 ; 110.00 ; 4.40 
15/ago/2024;; 32.90 ; 31.41 ; 27.34 ; 18.69 ; 110.00 ; 4.40 
16/ago/2024;; 32.90 ; 31.41 ; 27.34 ; 18.69 ; 110.00 ; 4.40 
17/ago/2024;; 32.90 ; 31.41 ; 27.34 ; 18.69 ; 110.00 ; 4.40 
18/ago/2024;; 32.90 ; 31.41 ; 27.34 ; 18.69 ; 110.00 ; 4.40 
